,age,gender,self_employed,family_history,work_interfere,no_employees,remote_work,tech_company,benefits,care_options,wellness_program,seek_help,anonymity,leave,mental_health_consequence,phys_health_consequence,coworkers,supervisor,mental_health_interview,phys_health_interview,mental_vs_physical,obs_consequence
676,22,1.0,0.0,0.0,0.0,2.0,0.0,1.0,0.0,0.0,0.0,0.0,1.0,2.0,1.0,1.0,1.0,2.0,1.0,1.0,0.0,0.0
88,29,0.0,0.0,0.0,2.0,2.0,0.0,1.0,2.0,2.0,0.0,0.0,1.0,2.0,1.0,0.0,1.0,1.0,0.0,1.0,1.0,1.0
86,39,1.0,1.0,0.0,3.0,1.0,0.0,1.0,0.0,0.0,0.0,0.0,1.0,4.0,1.0,0.0,1.0,0.0,0.0,1.0,1.0,1.0
1210,24,1.0,0.0,1.0,0.0,0.0,0.0,1.0,0.0,0.0,0.0,0.0,1.0,2.0,1.0,1.0,0.0,0.0,0.0,0.0,0.0,0.0
505,46,1.0,0.0,0.0,2.0,5.0,0.0,1.0,2.0,2.0,2.0,2.0,1.0,2.0,1.0,0.0,1.0,0.0,0.0,0.0,2.0,0.0
976,38,1.0,0.0,0.0,0.0,5.0,0.0,1.0,2.0,2.0,2.0,2.0,2.0,1.0,1.0,1.0,1.0,1.0,0.0,1.0,1.0,1.0
1147,39,1.0,0.0,1.0,2.0,5.0,0.0,0.0,0.0,0.0,0.0,0.0,2.0,0.0,1.0,1.0,1.0,2.0,1.0,1.0,2.0,0.0
981,37,0.0,1.0,1.0,1.0,0.0,1.0,1.0,0.0,2.0,0.0,0.0,2.0,1.0,2.0,1.0,1.0,1.0,1.0,1.0,0.0,1.0
636,36,1.0,1.0,1.0,3.0,1.0,0.0,1.0,0.0,0.0,0.0,0.0,1.0,1.0,0.0,0.0,1.0,2.0,1.0,1.0,2.0,1.0
580,41,1.0,0.0,1.0,3.0,5.0,0.0,1.0,2.0,0.0,0.0,0.0,1.0,2.0,1.0,1.0,1.0,1.0,0.0,0.0,0.0,1.0
31,31,1.0,1.0,1.0,1.0,0.0,1.0,1.0,0.0,2.0,0.0,0.0,1.0,3.0,2.0,0.0,0.0,0.0,0.0,0.0,1.0,1.0
534,21,1.0,0.0,0.0,0.0,2.0,0.0,1.0,1.0,1.0,1.0,0.0,1.0,2.0,2.0,1.0,0.0,0.0,0.0,1.0,0.0,0.0
388,25,0.0,0.0,0.0,2.0,1.0,0.0,1.0,1.0,1.0,0.0,0.0,1.0,3.0,2.0,0.0,1.0,0.0,0.0,1.0,0.0,0.0
628,32,2.0,0.0,0.0,2.0,2.0,1.0,1.0,0.0,2.0,0.0,0.0,2.0,4.0,2.0,1.0,1.0,0.0,0.0,1.0,1.0,1.0
1207,23,1.0,0.0,0.0,2.0,0.0,0.0,1.0,0.0,2.0,0.0,0.0,0.0,0.0,1.0,1.0,1.0,2.0,0.0,0.0,1.0,0.0
637,30,1.0,0.0,0.0,3.0,2.0,0.0,1.0,0.0,0.0,0.0,0.0,2.0,1.0,0.0,0.0,1.0,2.0,0.0,1.0,2.0,0.0
903,24,1.0,1.0,0.0,0.0,0.0,1.0,1.0,0.0,2.0,0.0,0.0,2.0,0.0,0.0,0.0,0.0,0.0,0.0,1.0,2.0,0.0
579,34,1.0,0.0,1.0,2.0,2.0,1.0,0.0,2.0,0.0,0.0,0.0,1.0,2.0,1.0,0.0,1.0,1.0,0.0,1.0,0.0,0.0
761,37,0.0,0.0,1.0,1.0,2.0,0.0,0.0,2.0,2.0,2.0,2.0,1.0,2.0,1.0,1.0,2.0,1.0,0.0,1.0,2.0,0.0
980,40,1.0,0.0,1.0,2.0,0.0,1.0,1.0,0.0,0.0,0.0,0.0,1.0,2.0,1.0,1.0,1.0,2.0,0.0,1.0,1.0,0.0
504,35,0.0,0.0,0.0,2.0,3.0,0.0,1.0,0.0,2.0,0.0,0.0,1.0,2.0,2.0,1.0,0.0,0.0,0.0,1.0,1.0,0.0
380,41,1.0,0.0,0.0,0.0,4.0,0.0,1.0,2.0,1.0,0.0,1.0,1.0,1.0,0.0,0.0,1.0,1.0,0.0,0.0,0.0,0.0
199,28,1.0,0.0,1.0,2.0,5.0,0.0,1.0,1.0,0.0,0.0,0.0,1.0,2.0,1.0,1.0,1.0,0.0,0.0,1.0,0.0,0.0
75,19,1.0,0.0,0.0,0.0,0.0,0.0,1.0,0.0,2.0,0.0,0.0,0.0,3.0,2.0,0.0,0.0,0.0,0.0,1.0,1.0,0.0
195,31,1.0,1.0,1.0,0.0,1.0,0.0,1.0,0.0,0.0,0.0,0.0,1.0,1.0,1.0,1.0,1.0,1.0,0.0,1.0,0.0,0.0
704,43,1.0,0.0,1.0,2.0,2.0,0.0,0.0,2.0,1.0,0.0,2.0,1.0,1.0,2.0,0.0,0.0,0.0,0.0,0.0,1.0,0.0
1131,32,1.0,0.0,0.0,0.0,2.0,0.0,1.0,0.0,0.0,0.0,0.0,1.0,2.0,1.0,0.0,0.0,0.0,0.0,0.0,0.0,1.0
1018,30,1.0,0.0,1.0,2.0,2.0,1.0,1.0,2.0,0.0,0.0,0.0,1.0,2.0,1.0,0.0,1.0,0.0,0.0,1.0,0.0,0.0
1231,24,1.0,1.0,0.0,2.0,1.0,1.0,1.0,0.0,0.0,0.0,0.0,1.0,2.0,1.0,1.0,1.0,1.0,0.0,1.0,0.0,1.0
1032,40,1.0,0.0,1.0,2.0,5.0,1.0,0.0,2.0,1.0,2.0,1.0,1.0,2.0,2.0,1.0,1.0,1.0,0.0,1.0,1.0,0.0
338,24,1.0,0.0,0.0,0.0,5.0,0.0,1.0,2.0,2.0,1.0,1.0,2.0,2.0,2.0,0.0,0.0,0.0,0.0,1.0,0.0,0.0
1068,48,1.0,0.0,0.0,0.0,2.0,0.0,0.0,2.0,2.0,2.0,2.0,2.0,2.0,1.0,0.0,1.0,2.0,0.0,1.0,0.0,0.0
694,32,1.0,0.0,0.0,0.0,1.0,0.0,1.0,0.0,0.0,0.0,0.0,1.0,2.0,2.0,0.0,0.0,0.0,0.0,2.0,1.0,0.0
1204,34,1.0,0.0,1.0,0.0,0.0,1.0,1.0,0.0,0.0,0.0,0.0,1.0,2.0,1.0,0.0,1.0,2.0,0.0,0.0,0.0,0.0
1001,42,1.0,0.0,1.0,2.0,1.0,1.0,1.0,1.0,0.0,0.0,1.0,1.0,2.0,1.0,0.0,1.0,2.0,0.0,1.0,0.0,0.0
632,31,1.0,0.0,0.0,2.0,1.0,1.0,1.0,0.0,0.0,0.0,0.0,0.0,0.0,0.0,0.0,2.0,2.0,1.0,1.0,2.0,0.0
831,40,1.0,0.0,0.0,0.0,3.0,0.0,1.0,2.0,1.0,0.0,1.0,1.0,2.0,1.0,0.0,1.0,1.0,0.0,1.0,0.0,0.0
15,29,0.0,0.0,1.0,1.0,2.0,0.0,1.0,2.0,1.0,0.0,0.0,1.0,1.0,0.0,0.0,2.0,1.0,1.0,1.0,0.0,0.0
479,30,0.0,0.0,0.0,0.0,3.0,0.0,1.0,1.0,1.0,0.0,0.0,1.0,2.0,1.0,0.0,1.0,2.0,0.0,1.0,0.0,0.0
715,15,1.0,0.0,0.0,2.0,2.0,0.0,0.0,0.0,0.0,0.0,0.0,1.0,3.0,2.0,0.0,0.0,0.0,0.0,1.0,0.0,0.0
393,26,1.0,0.0,1.0,3.0,2.0,1.0,1.0,1.0,0.0,1.0,1.0,1.0,0.0,0.0,0.0,2.0,2.0,0.0,0.0,2.0,0.0
631,56,1.0,0.0,1.0,1.0,1.0,0.0,1.0,2.0,2.0,0.0,0.0,1.0,2.0,2.0,1.0,1.0,1.0,0.0,0.0,0.0,0.0
330,24,1.0,0.0,0.0,0.0,2.0,0.0,1.0,2.0,1.0,2.0,2.0,2.0,0.0,0.0,0.0,1.0,1.0,0.0,1.0,2.0,0.0
446,34,1.0,0.0,1.0,0.0,5.0,0.0,1.0,2.0,1.0,1.0,1.0,1.0,2.0,1.0,0.0,1.0,1.0,0.0,1.0,0.0,1.0
528,29,1.0,0.0,0.0,2.0,1.0,0.0,1.0,2.0,2.0,0.0,2.0,2.0,0.0,0.0,0.0,0.0,1.0,0.0,0.0,2.0,0.0
788,37,1.0,0.0,0.0,0.0,3.0,1.0,0.0,1.0,0.0,1.0,1.0,1.0,1.0,1.0,0.0,2.0,2.0,0.0,0.0,0.0,0.0
1164,46,0.0,0.0,0.0,3.0,3.0,1.0,0.0,2.0,2.0,0.0,0.0,2.0,2.0,1.0,0.0,1.0,1.0,0.0,1.0,1.0,0.0
1143,27,0.0,0.0,1.0,0.0,5.0,0.0,0.0,0.0,2.0,0.0,0.0,2.0,2.0,1.0,0.0,0.0,0.0,0.0,2.0,2.0,0.0
89,32,1.0,0.0,0.0,0.0,4.0,0.0,1.0,1.0,0.0,0.0,1.0,1.0,2.0,0.0,0.0,1.0,1.0,0.0,0.0,0.0,0.0
325,25,1.0,0.0,0.0,0.0,5.0,0.0,1.0,1.0,1.0,1.0,1.0,1.0,2.0,1.0,0.0,0.0,0.0,0.0,1.0,0.0,0.0
284,25,1.0,0.0,0.0,0.0,3.0,0.0,0.0,1.0,1.0,0.0,0.0,1.0,2.0,0.0,0.0,1.0,1.0,0.0,2.0,1.0,0.0
839,36,1.0,0.0,0.0,1.0,5.0,0.0,1.0,2.0,2.0,2.0,2.0,2.0,3.0,0.0,0.0,1.0,2.0,0.0,0.0,1.0,0.0
611,42,1.0,1.0,0.0,1.0,1.0,1.0,0.0,0.0,2.0,0.0,0.0,1.0,0.0,0.0,0.0,1.0,2.0,1.0,1.0,2.0,0.0
385,27,0.0,0.0,1.0,1.0,5.0,1.0,1.0,2.0,2.0,0.0,1.0,1.0,2.0,1.0,1.0,0.0,2.0,0.0,0.0,0.0,0.0
1162,31,1.0,0.0,0.0,0.0,2.0,0.0,1.0,1.0,1.0,0.0,0.0,1.0,2.0,2.0,2.0,0.0,0.0,0.0,0.0,0.0,0.0
941,40,1.0,0.0,1.0,2.0,5.0,1.0,1.0,2.0,2.0,2.0,2.0,2.0,4.0,2.0,0.0,1.0,1.0,0.0,1.0,0.0,1.0
219,41,1.0,0.0,0.0,0.0,2.0,0.0,1.0,2.0,1.0,0.0,0.0,1.0,0.0,2.0,0.0,0.0,1.0,0.0,0.0,0.0,0.0
486,28,0.0,0.0,1.0,2.0,2.0,0.0,1.0,1.0,1.0,0.0,0.0,1.0,2.0,2.0,1.0,1.0,0.0,0.0,1.0,0.0,0.0
811,29,1.0,0.0,0.0,2.0,3.0,0.0,1.0,0.0,0.0,0.0,0.0,1.0,3.0,0.0,0.0,1.0,1.0,0.0,1.0,1.0,0.0
554,27,0.0,0.0,1.0,1.0,3.0,1.0,1.0,0.0,0.0,0.0,0.0,1.0,1.0,1.0,1.0,1.0,1.0,0.0,2.0,0.0,0.0
500,38,0.0,0.0,0.0,0.0,2.0,0.0,1.0,2.0,2.0,0.0,0.0,2.0,2.0,1.0,1.0,0.0,0.0,0.0,0.0,1.0,0.0
785,25,1.0,0.0,1.0,2.0,5.0,0.0,0.0,2.0,2.0,2.0,2.0,2.0,2.0,1.0,0.0,1.0,1.0,0.0,0.0,1.0,1.0
62,27,1.0,0.0,0.0,0.0,3.0,0.0,1.0,2.0,1.0,0.0,2.0,1.0,1.0,0.0,0.0,2.0,2.0,1.0,1.0,2.0,0.0
933,38,1.0,0.0,1.0,2.0,3.0,0.0,1.0,0.0,1.0,0.0,0.0,1.0,4.0,2.0,2.0,0.0,1.0,0.0,1.0,1.0,0.0
805,28,2.0,0.0,0.0,2.0,2.0,0.0,1.0,0.0,2.0,0.0,0.0,1.0,3.0,2.0,1.0,1.0,1.0,0.0,0.0,1.0,1.0
1039,35,1.0,0.0,0.0,0.0,1.0,1.0,1.0,0.0,0.0,0.0,0.0,1.0,2.0,0.0,0.0,0.0,0.0,0.0,0.0,0.0,0.0
1186,56,0.0,1.0,0.0,1.0,0.0,1.0,1.0,1.0,1.0,1.0,1.0,1.0,2.0,1.0,1.0,0.0,0.0,0.0,0.0,0.0,0.0
567,32,1.0,0.0,0.0,2.0,5.0,0.0,1.0,2.0,0.0,0.0,2.0,1.0,1.0,0.0,0.0,2.0,1.0,1.0,2.0,0.0,0.0
339,29,1.0,0.0,0.0,0.0,2.0,0.0,1.0,2.0,2.0,2.0,2.0,2.0,0.0,0.0,0.0,1.0,2.0,0.0,1.0,2.0,0.0
288,38,0.0,0.0,0.0,2.0,0.0,0.0,1.0,0.0,2.0,0.0,0.0,1.0,2.0,0.0,1.0,1.0,0.0,0.0,0.0,0.0,1.0
177,32,0.0,0.0,0.0,3.0,1.0,1.0,1.0,2.0,1.0,1.0,1.0,2.0,0.0,0.0,0.0,2.0,2.0,0.0,0.0,2.0,1.0
1180,32,0.0,0.0,0.0,2.0,2.0,0.0,1.0,2.0,2.0,0.0,0.0,2.0,2.0,1.0,1.0,1.0,0.0,0.0,0.0,1.0,0.0
739,36,1.0,0.0,1.0,2.0,5.0,1.0,0.0,1.0,0.0,1.0,1.0,1.0,2.0,2.0,1.0,0.0,0.0,0.0,1.0,0.0,0.0
797,28,1.0,0.0,0.0,0.0,2.0,0.0,1.0,1.0,0.0,0.0,0.0,1.0,2.0,1.0,0.0,1.0,2.0,1.0,2.0,1.0,1.0
277,28,1.0,0.0,0.0,2.0,1.0,0.0,1.0,0.0,2.0,0.0,0.0,1.0,1.0,1.0,1.0,0.0,1.0,0.0,0.0,0.0,0.0
367,36,1.0,0.0,1.0,3.0,3.0,0.0,1.0,0.0,2.0,0.0,0.0,2.0,0.0,0.0,0.0,1.0,1.0,0.0,0.0,0.0,0.0
912,24,0.0,0.0,1.0,3.0,1.0,1.0,1.0,0.0,0.0,0.0,0.0,1.0,0.0,0.0,0.0,2.0,2.0,0.0,0.0,0.0,0.0
397,35,1.0,0.0,0.0,2.0,1.0,0.0,1.0,0.0,0.0,0.0,0.0,1.0,4.0,1.0,1.0,1.0,2.0,0.0,1.0,1.0,1.0
1253,36,1.0,0.0,1.0,1.0,5.0,0.0,0.0,1.0,0.0,2.0,2.0,1.0,1.0,1.0,1.0,1.0,1.0,0.0,0.0,0.0,0.0
775,39,1.0,0.0,0.0,2.0,3.0,0.0,0.0,2.0,2.0,2.0,2.0,2.0,0.0,2.0,0.0,1.0,2.0,0.0,1.0,1.0,1.0
1213,31,1.0,0.0,0.0,2.0,5.0,0.0,1.0,1.0,0.0,0.0,0.0,1.0,4.0,2.0,2.0,1.0,0.0,0.0,1.0,1.0,1.0
1149,32,1.0,0.0,0.0,1.0,1.0,0.0,1.0,2.0,1.0,0.0,1.0,1.0,2.0,1.0,0.0,0.0,1.0,0.0,1.0,0.0,0.0
473,39,0.0,0.0,0.0,2.0,5.0,0.0,1.0,2.0,2.0,0.0,2.0,1.0,2.0,2.0,0.0,1.0,1.0,0.0,1.0,1.0,1.0
1071,43,1.0,0.0,0.0,2.0,5.0,1.0,1.0,2.0,1.0,0.0,2.0,1.0,2.0,1.0,0.0,0.0,0.0,0.0,0.0,0.0,0.0
1163,26,1.0,0.0,1.0,2.0,1.0,1.0,1.0,1.0,0.0,0.0,1.0,1.0,1.0,1.0,0.0,1.0,1.0,1.0,1.0,0.0,0.0
987,28,1.0,0.0,0.0,3.0,1.0,0.0,1.0,0.0,0.0,0.0,0.0,0.0,3.0,2.0,0.0,0.0,0.0,0.0,2.0,2.0,0.0
50,22,1.0,0.0,1.0,3.0,1.0,0.0,1.0,0.0,2.0,0.0,0.0,2.0,4.0,1.0,0.0,0.0,0.0,0.0,1.0,0.0,0.0
158,27,1.0,0.0,0.0,1.0,2.0,1.0,1.0,0.0,2.0,0.0,0.0,1.0,3.0,1.0,0.0,1.0,2.0,0.0,0.0,0.0,1.0
246,21,1.0,0.0,0.0,3.0,1.0,0.0,0.0,1.0,0.0,0.0,1.0,1.0,2.0,1.0,0.0,0.0,0.0,0.0,1.0,0.0,0.0
38,50,1.0,0.0,0.0,0.0,3.0,0.0,1.0,2.0,2.0,0.0,1.0,1.0,2.0,0.0,0.0,1.0,2.0,0.0,1.0,0.0,0.0
913,33,1.0,0.0,1.0,2.0,2.0,0.0,1.0,1.0,2.0,0.0,2.0,1.0,1.0,0.0,0.0,2.0,2.0,0.0,0.0,0.0,0.0
282,18,1.0,0.0,0.0,2.0,1.0,0.0,1.0,1.0,0.0,0.0,1.0,1.0,2.0,2.0,0.0,0.0,0.0,0.0,1.0,0.0,0.0
160,36,1.0,0.0,0.0,2.0,5.0,0.0,0.0,2.0,2.0,2.0,2.0,2.0,1.0,1.0,1.0,1.0,1.0,0.0,1.0,0.0,1.0
574,50,1.0,0.0,0.0,0.0,2.0,1.0,1.0,0.0,2.0,0.0,0.0,1.0,2.0,0.0,0.0,0.0,0.0,0.0,1.0,1.0,0.0
832,29,1.0,0.0,0.0,1.0,1.0,0.0,1.0,0.0,2.0,0.0,0.0,2.0,0.0,0.0,0.0,1.0,2.0,0.0,0.0,2.0,0.0
762,37,1.0,0.0,1.0,2.0,0.0,0.0,1.0,0.0,0.0,0.0,0.0,1.0,0.0,0.0,0.0,2.0,2.0,1.0,1.0,2.0,0.0
459,37,1.0,0.0,0.0,0.0,4.0,0.0,1.0,2.0,0.0,0.0,0.0,1.0,2.0,1.0,1.0,1.0,1.0,0.0,0.0,0.0,0.0
436,26,1.0,0.0,0.0,0.0,5.0,0.0,1.0,1.0,1.0,1.0,1.0,1.0,2.0,0.0,0.0,1.0,2.0,0.0,0.0,0.0,1.0
427,26,0.0,0.0,0.0,0.0,5.0,0.0,0.0,2.0,1.0,2.0,1.0,1.0,2.0,1.0,0.0,1.0,0.0,0.0,0.0,0.0,0.0
416,30,2.0,0.0,1.0,2.0,3.0,0.0,1.0,1.0,1.0,0.0,0.0,1.0,3.0,0.0,0.0,2.0,2.0,1.0,1.0,1.0,0.0
706,26,1.0,0.0,0.0,0.0,2.0,0.0,1.0,1.0,1.0,0.0,0.0,1.0,2.0,2.0,2.0,1.0,0.0,0.0,0.0,1.0,0.0
1015,23,1.0,0.0,0.0,0.0,3.0,0.0,1.0,1.0,1.0,0.0,0.0,2.0,0.0,1.0,0.0,1.0,2.0,1.0,2.0,0.0,0.0
37,38,1.0,0.0,0.0,0.0,3.0,0.0,1.0,0.0,2.0,0.0,0.0,1.0,1.0,1.0,0.0,1.0,1.0,0.0,1.0,1.0,0.0
1072,41,1.0,0.0,0.0,1.0,5.0,0.0,1.0,2.0,2.0,2.0,2.0,1.0,2.0,1.0,1.0,1.0,0.0,0.0,0.0,2.0,1.0
56,32,1.0,0.0,1.0,0.0,1.0,1.0,1.0,1.0,0.0,0.0,0.0,1.0,1.0,0.0,0.0,2.0,2.0,0.0,0.0,2.0,0.0
295,24,0.0,0.0,0.0,0.0,4.0,0.0,1.0,1.0,1.0,0.0,1.0,1.0,2.0,1.0,1.0,1.0,0.0,0.0,1.0,1.0,0.0
188,23,1.0,0.0,1.0,0.0,0.0,1.0,1.0,1.0,0.0,0.0,0.0,1.0,2.0,0.0,0.0,1.0,2.0,1.0,2.0,0.0,0.0
428,23,1.0,0.0,0.0,0.0,5.0,0.0,0.0,2.0,0.0,0.0,0.0,1.0,2.0,0.0,0.0,2.0,0.0,0.0,2.0,0.0,0.0
606,50,1.0,0.0,0.0,2.0,0.0,1.0,1.0,1.0,0.0,0.0,1.0,1.0,2.0,2.0,1.0,1.0,1.0,0.0,1.0,0.0,0.0
1243,43,0.0,0.0,1.0,1.0,5.0,1.0,1.0,2.0,2.0,0.0,2.0,1.0,2.0,0.0,0.0,1.0,2.0,0.0,0.0,0.0,0.0
656,29,1.0,0.0,0.0,1.0,0.0,0.0,1.0,0.0,0.0,0.0,0.0,0.0,3.0,0.0,1.0,1.0,0.0,0.0,0.0,2.0,0.0
777,32,2.0,0.0,0.0,2.0,5.0,0.0,0.0,1.0,0.0,2.0,2.0,1.0,2.0,0.0,0.0,2.0,1.0,2.0,2.0,2.0,1.0
778,27,0.0,0.0,0.0,0.0,5.0,0.0,1.0,1.0,1.0,0.0,2.0,1.0,2.0,1.0,0.0,1.0,2.0,0.0,0.0,0.0,0.0
109,32,1.0,0.0,0.0,2.0,2.0,0.0,1.0,2.0,0.0,2.0,2.0,2.0,3.0,1.0,0.0,1.0,2.0,0.0,1.0,2.0,0.0
1031,31,1.0,0.0,1.0,1.0,1.0,0.0,1.0,1.0,1.0,1.0,1.0,2.0,2.0,0.0,0.0,2.0,2.0,1.0,1.0,2.0,0.0
774,37,1.0,0.0,1.0,1.0,1.0,0.0,1.0,0.0,0.0,0.0,0.0,2.0,1.0,2.0,0.0,1.0,2.0,0.0,1.0,1.0,1.0
99,30,1.0,0.0,0.0,3.0,0.0,0.0,1.0,0.0,2.0,0.0,0.0,2.0,1.0,0.0,0.0,2.0,2.0,1.0,1.0,2.0,0.0
1245,22,1.0,0.0,1.0,3.0,3.0,0.0,0.0,2.0,2.0,2.0,2.0,2.0,2.0,1.0,1.0,0.0,2.0,0.0,1.0,0.0,1.0
887,38,1.0,0.0,1.0,0.0,4.0,0.0,0.0,2.0,2.0,2.0,2.0,1.0,1.0,0.0,0.0,1.0,2.0,0.0,1.0,1.0,0.0
746,28,1.0,0.0,0.0,0.0,1.0,0.0,1.0,2.0,1.0,0.0,1.0,2.0,0.0,0.0,0.0,1.0,2.0,1.0,1.0,2.0,0.0
1158,30,1.0,0.0,1.0,1.0,1.0,0.0,1.0,0.0,2.0,0.0,0.0,1.0,2.0,0.0,0.0,0.0,0.0,0.0,0.0,0.0,0.0
588,31,1.0,0.0,1.0,2.0,1.0,0.0,1.0,0.0,0.0,0.0,0.0,1.0,1.0,1.0,0.0,2.0,2.0,0.0,1.0,0.0,0.0
103,33,1.0,0.0,1.0,2.0,2.0,1.0,1.0,2.0,2.0,2.0,2.0,2.0,1.0,0.0,0.0,1.0,2.0,1.0,1.0,2.0,0.0
537,26,1.0,0.0,1.0,0.0,5.0,0.0,1.0,1.0,0.0,0.0,1.0,1.0,2.0,1.0,0.0,0.0,0.0,0.0,0.0,1.0,0.0
353,26,1.0,0.0,1.0,3.0,5.0,0.0,1.0,2.0,1.0,1.0,2.0,1.0,2.0,1.0,0.0,1.0,0.0,0.0,0.0,0.0,0.0
1053,36,1.0,0.0,0.0,0.0,0.0,1.0,1.0,1.0,1.0,1.0,1.0,1.0,0.0,0.0,0.0,1.0,1.0,0.0,0.0,0.0,0.0
1101,26,1.0,0.0,1.0,2.0,3.0,0.0,1.0,1.0,1.0,0.0,0.0,1.0,2.0,1.0,0.0,1.0,0.0,0.0,1.0,0.0,0.0
1146,38,1.0,0.0,1.0,2.0,0.0,0.0,1.0,0.0,1.0,1.0,1.0,1.0,0.0,0.0,0.0,1.0,2.0,1.0,2.0,0.0,0.0
399,29,1.0,0.0,0.0,2.0,3.0,0.0,1.0,1.0,1.0,1.0,1.0,2.0,1.0,1.0,0.0,1.0,1.0,0.0,1.0,2.0,0.0
153,36,1.0,0.0,0.0,0.0,1.0,0.0,1.0,1.0,1.0,1.0,1.0,1.0,2.0,0.0,0.0,1.0,1.0,1.0,1.0,0.0,0.0
767,27,1.0,0.0,0.0,0.0,2.0,0.0,1.0,1.0,1.0,0.0,1.0,1.0,1.0,0.0,0.0,1.0,0.0,2.0,2.0,0.0,0.0
960,32,1.0,0.0,0.0,0.0,1.0,0.0,1.0,1.0,0.0,0.0,0.0,1.0,0.0,0.0,0.0,0.0,2.0,0.0,1.0,1.0,0.0
309,27,1.0,0.0,0.0,2.0,3.0,0.0,1.0,2.0,1.0,2.0,2.0,1.0,2.0,1.0,0.0,1.0,2.0,0.0,1.0,0.0,0.0
22,46,1.0,0.0,0.0,3.0,2.0,1.0,1.0,2.0,2.0,0.0,0.0,1.0,2.0,1.0,0.0,1.0,2.0,0.0,1.0,1.0,0.0
1077,27,0.0,0.0,1.0,3.0,5.0,0.0,1.0,2.0,2.0,2.0,2.0,2.0,4.0,1.0,0.0,2.0,1.0,0.0,1.0,1.0,1.0
321,29,1.0,0.0,0.0,2.0,5.0,0.0,1.0,2.0,0.0,0.0,1.0,1.0,2.0,2.0,0.0,1.0,1.0,0.0,1.0,1.0,0.0
599,31,1.0,0.0,1.0,1.0,3.0,0.0,1.0,0.0,0.0,0.0,1.0,1.0,3.0,2.0,2.0,1.0,0.0,0.0,0.0,1.0,1.0
294,56,1.0,0.0,0.0,0.0,5.0,0.0,1.0,2.0,1.0,1.0,1.0,1.0,2.0,0.0,1.0,2.0,1.0,0.0,1.0,0.0,0.0
817,44,1.0,1.0,1.0,2.0,0.0,1.0,1.0,0.0,2.0,0.0,0.0,0.0,0.0,2.0,2.0,1.0,0.0,0.0,0.0,2.0,0.0
964,55,1.0,0.0,0.0,3.0,5.0,0.0,0.0,2.0,2.0,2.0,2.0,1.0,1.0,2.0,1.0,0.0,1.0,0.0,1.0,1.0,1.0
184,43,1.0,0.0,1.0,3.0,5.0,1.0,1.0,2.0,1.0,0.0,1.0,1.0,4.0,2.0,1.0,0.0,0.0,0.0,0.0,1.0,0.0
1195,34,0.0,0.0,0.0,2.0,4.0,0.0,0.0,2.0,2.0,2.0,0.0,2.0,2.0,2.0,2.0,1.0,1.0,0.0,0.0,2.0,0.0
645,37,1.0,1.0,0.0,0.0,1.0,0.0,1.0,0.0,0.0,0.0,0.0,1.0,2.0,2.0,1.0,0.0,0.0,0.0,1.0,0.0,0.0
65,40,1.0,0.0,1.0,2.0,5.0,1.0,1.0,2.0,2.0,2.0,2.0,1.0,2.0,2.0,1.0,1.0,0.0,0.0,0.0,1.0,1.0
1251,36,1.0,0.0,1.0,3.0,3.0,0.0,0.0,0.0,2.0,0.0,0.0,1.0,1.0,0.0,0.0,1.0,2.0,0.0,2.0,2.0,0.0
118,18,1.0,0.0,0.0,1.0,0.0,1.0,1.0,0.0,0.0,0.0,0.0,2.0,0.0,0.0,0.0,1.0,0.0,0.0,0.0,0.0,0.0
975,26,1.0,0.0,0.0,0.0,4.0,0.0,1.0,1.0,0.0,1.0,1.0,1.0,2.0,0.0,0.0,1.0,1.0,1.0,1.0,0.0,0.0
366,35,1.0,0.0,1.0,0.0,5.0,0.0,1.0,2.0,0.0,2.0,2.0,2.0,0.0,0.0,0.0,1.0,2.0,0.0,0.0,0.0,0.0
710,34,1.0,0.0,0.0,0.0,1.0,0.0,1.0,0.0,0.0,0.0,0.0,1.0,1.0,1.0,1.0,1.0,2.0,0.0,1.0,0.0,0.0
491,30,1.0,0.0,0.0,1.0,3.0,0.0,0.0,1.0,1.0,0.0,0.0,1.0,2.0,0.0,0.0,1.0,1.0,0.0,0.0,0.0,0.0
862,23,1.0,0.0,0.0,0.0,3.0,0.0,0.0,1.0,0.0,1.0,1.0,1.0,2.0,1.0,0.0,1.0,1.0,1.0,1.0,0.0,0.0
716,25,1.0,0.0,0.0,0.0,4.0,0.0,1.0,2.0,2.0,1.0,2.0,2.0,1.0,1.0,1.0,1.0,2.0,2.0,2.0,2.0,0.0
744,36,1.0,0.0,0.0,2.0,3.0,1.0,1.0,2.0,2.0,0.0,0.0,1.0,4.0,1.0,1.0,1.0,1.0,1.0,1.0,0.0,0.0
63,26,1.0,0.0,0.0,0.0,2.0,0.0,1.0,0.0,0.0,0.0,0.0,1.0,0.0,2.0,0.0,0.0,0.0,0.0,0.0,1.0,1.0
605,32,1.0,0.0,0.0,2.0,3.0,0.0,1.0,0.0,2.0,0.0,0.0,1.0,2.0,1.0,1.0,1.0,1.0,0.0,0.0,1.0,0.0
314,27,1.0,0.0,1.0,0.0,5.0,0.0,1.0,1.0,0.0,1.0,1.0,1.0,0.0,0.0,0.0,2.0,2.0,1.0,1.0,2.0,0.0
698,31,1.0,0.0,0.0,0.0,4.0,0.0,1.0,1.0,0.0,0.0,1.0,1.0,2.0,1.0,1.0,1.0,0.0,0.0,0.0,2.0,0.0
1000,25,1.0,0.0,1.0,3.0,1.0,1.0,1.0,2.0,2.0,0.0,1.0,2.0,1.0,0.0,0.0,2.0,2.0,1.0,1.0,0.0,0.0
807,36,0.0,0.0,1.0,0.0,1.0,0.0,1.0,1.0,0.0,0.0,1.0,1.0,2.0,0.0,0.0,0.0,1.0,0.0,1.0,2.0,0.0
304,37,0.0,0.0,0.0,1.0,5.0,0.0,1.0,2.0,2.0,1.0,2.0,1.0,1.0,0.0,0.0,1.0,2.0,0.0,0.0,2.0,0.0
1104,45,1.0,0.0,0.0,0.0,1.0,1.0,1.0,2.0,0.0,0.0,0.0,1.0,2.0,2.0,1.0,1.0,0.0,0.0,1.0,0.0,0.0
1116,40,1.0,0.0,0.0,0.0,3.0,0.0,1.0,1.0,1.0,0.0,1.0,1.0,0.0,1.0,0.0,2.0,1.0,0.0,1.0,0.0,0.0
100,26,0.0,0.0,1.0,2.0,2.0,0.0,0.0,0.0,2.0,0.0,0.0,0.0,4.0,2.0,0.0,0.0,0.0,0.0,1.0,1.0,1.0
347,54,1.0,0.0,1.0,0.0,5.0,0.0,1.0,1.0,0.0,2.0,2.0,1.0,2.0,0.0,0.0,0.0,2.0,0.0,0.0,0.0,0.0
742,39,1.0,0.0,0.0,2.0,3.0,0.0,1.0,0.0,0.0,0.0,0.0,1.0,0.0,0.0,0.0,0.0,1.0,0.0,2.0,2.0,0.0
684,21,0.0,0.0,0.0,0.0,1.0,0.0,1.0,0.0,0.0,0.0,0.0,1.0,2.0,2.0,1.0,1.0,0.0,0.0,0.0,0.0,0.0
450,43,1.0,1.0,1.0,3.0,1.0,1.0,1.0,2.0,2.0,0.0,0.0,2.0,0.0,0.0,0.0,2.0,2.0,1.0,1.0,2.0,0.0
800,29,1.0,0.0,0.0,0.0,3.0,0.0,0.0,2.0,2.0,2.0,0.0,2.0,0.0,2.0,1.0,2.0,2.0,0.0,1.0,0.0,0.0
41,35,1.0,0.0,0.0,0.0,5.0,1.0,1.0,2.0,1.0,1.0,2.0,1.0,3.0,2.0,2.0,1.0,0.0,0.0,1.0,0.0,0.0
956,30,1.0,0.0,1.0,0.0,5.0,0.0,0.0,1.0,0.0,0.0,1.0,1.0,2.0,2.0,1.0,0.0,0.0,0.0,0.0,1.0,0.0
499,34,1.0,0.0,0.0,1.0,1.0,0.0,1.0,1.0,1.0,1.0,1.0,1.0,1.0,0.0,0.0,1.0,1.0,0.0,1.0,2.0,0.0
640,36,1.0,0.0,0.0,0.0,2.0,0.0,1.0,2.0,2.0,0.0,0.0,2.0,0.0,0.0,0.0,1.0,2.0,1.0,1.0,2.0,0.0
781,33,1.0,0.0,0.0,2.0,1.0,1.0,1.0,0.0,2.0,0.0,0.0,2.0,3.0,0.0,0.0,2.0,2.0,2.0,2.0,0.0,0.0
1235,23,1.0,0.0,0.0,3.0,2.0,0.0,1.0,2.0,2.0,2.0,1.0,1.0,2.0,1.0,0.0,2.0,1.0,0.0,0.0,0.0,0.0
643,57,1.0,0.0,0.0,0.0,2.0,0.0,1.0,2.0,2.0,0.0,2.0,2.0,3.0,2.0,1.0,0.0,0.0,0.0,1.0,0.0,1.0
827,40,1.0,1.0,0.0,2.0,0.0,1.0,1.0,1.0,1.0,0.0,0.0,1.0,1.0,2.0,1.0,1.0,0.0,0.0,0.0,0.0,0.0
572,27,0.0,0.0,0.0,2.0,4.0,0.0,1.0,1.0,1.0,1.0,2.0,1.0,2.0,0.0,0.0,1.0,2.0,0.0,0.0,2.0,0.0
1232,25,1.0,0.0,1.0,2.0,5.0,0.0,0.0,2.0,2.0,2.0,2.0,2.0,0.0,0.0,0.0,2.0,2.0,2.0,2.0,2.0,0.0
426,24,1.0,0.0,1.0,2.0,3.0,0.0,1.0,0.0,2.0,0.0,0.0,1.0,3.0,2.0,0.0,1.0,1.0,0.0,1.0,1.0,1.0
1215,28,1.0,0.0,0.0,0.0,1.0,0.0,1.0,0.0,1.0,0.0,0.0,1.0,1.0,1.0,1.0,1.0,1.0,0.0,0.0,0.0,0.0
1014,31,1.0,0.0,0.0,2.0,5.0,0.0,1.0,2.0,1.0,2.0,2.0,2.0,2.0,2.0,1.0,1.0,1.0,0.0,1.0,2.0,0.0
1011,33,0.0,1.0,0.0,0.0,0.0,1.0,1.0,0.0,2.0,1.0,1.0,2.0,1.0,1.0,0.0,0.0,1.0,0.0,0.0,2.0,0.0
1111,29,1.0,0.0,0.0,3.0,1.0,0.0,1.0,2.0,0.0,0.0,0.0,2.0,1.0,1.0,1.0,2.0,1.0,0.0,2.0,1.0,0.0
323,24,0.0,0.0,1.0,2.0,5.0,0.0,1.0,2.0,2.0,0.0,2.0,2.0,2.0,1.0,0.0,1.0,0.0,0.0,1.0,0.0,0.0
421,26,1.0,0.0,0.0,0.0,2.0,1.0,1.0,1.0,0.0,1.0,0.0,1.0,2.0,0.0,0.0,1.0,0.0,0.0,2.0,0.0,0.0
547,36,1.0,0.0,1.0,2.0,5.0,0.0,1.0,2.0,0.0,0.0,2.0,1.0,3.0,2.0,0.0,1.0,2.0,0.0,2.0,1.0,0.0
577,33,1.0,0.0,1.0,2.0,1.0,1.0,1.0,1.0,1.0,0.0,0.0,2.0,0.0,0.0,0.0,1.0,2.0,0.0,0.0,2.0,0.0
235,25,1.0,0.0,0.0,0.0,2.0,0.0,1.0,0.0,0.0,0.0,0.0,1.0,3.0,2.0,1.0,0.0,0.0,0.0,1.0,1.0,0.0
237,34,1.0,0.0,1.0,0.0,1.0,0.0,1.0,0.0,0.0,0.0,0.0,2.0,3.0,0.0,0.0,1.0,2.0,0.0,2.0,1.0,1.0
750,33,1.0,0.0,1.0,0.0,2.0,0.0,1.0,2.0,2.0,0.0,0.0,1.0,0.0,0.0,0.0,1.0,2.0,0.0,0.0,0.0,0.0
1117,46,1.0,0.0,1.0,2.0,1.0,0.0,1.0,1.0,2.0,0.0,1.0,1.0,2.0,2.0,1.0,0.0,1.0,0.0,1.0,0.0,0.0
517,38,0.0,0.0,1.0,2.0,5.0,0.0,0.0,2.0,2.0,2.0,2.0,2.0,0.0,1.0,0.0,2.0,2.0,0.0,0.0,1.0,1.0
708,37,0.0,0.0,0.0,0.0,2.0,1.0,1.0,1.0,1.0,0.0,1.0,1.0,2.0,2.0,0.0,1.0,0.0,0.0,0.0,0.0,0.0
1250,30,1.0,1.0,1.0,3.0,2.0,0.0,1.0,2.0,1.0,2.0,2.0,1.0,2.0,0.0,0.0,1.0,2.0,1.0,1.0,2.0,0.0
1076,43,1.0,1.0,1.0,2.0,0.0,1.0,1.0,2.0,1.0,0.0,1.0,1.0,2.0,1.0,1.0,1.0,1.0,0.0,1.0,0.0,0.0
848,40,1.0,1.0,1.0,2.0,0.0,1.0,1.0,0.0,2.0,0.0,0.0,2.0,0.0,0.0,0.0,2.0,2.0,0.0,0.0,2.0,0.0
407,33,1.0,0.0,0.0,0.0,5.0,1.0,1.0,1.0,0.0,1.0,1.0,1.0,2.0,2.0,0.0,1.0,0.0,0.0,1.0,2.0,0.0
1088,32,1.0,0.0,0.0,2.0,2.0,0.0,1.0,2.0,2.0,2.0,1.0,2.0,2.0,0.0,0.0,1.0,2.0,0.0,1.0,0.0,0.0
863,33,1.0,0.0,1.0,3.0,1.0,1.0,1.0,0.0,2.0,0.0,0.0,1.0,4.0,2.0,0.0,1.0,2.0,0.0,1.0,1.0,0.0
867,39,1.0,0.0,0.0,0.0,0.0,1.0,1.0,0.0,2.0,0.0,0.0,1.0,4.0,1.0,1.0,1.0,2.0,1.0,1.0,1.0,0.0
569,38,1.0,0.0,1.0,2.0,3.0,0.0,1.0,1.0,0.0,0.0,0.0,1.0,2.0,1.0,1.0,1.0,0.0,0.0,0.0,0.0,0.0
878,23,0.0,0.0,1.0,0.0,5.0,0.0,0.0,0.0,0.0,0.0,2.0,1.0,1.0,2.0,1.0,0.0,0.0,0.0,1.0,0.0,0.0
98,33,1.0,0.0,0.0,2.0,1.0,0.0,1.0,0.0,2.0,0.0,0.0,1.0,1.0,1.0,0.0,1.0,0.0,0.0,1.0,1.0,0.0
703,23,1.0,0.0,0.0,3.0,2.0,0.0,0.0,2.0,2.0,2.0,0.0,2.0,1.0,0.0,0.0,1.0,2.0,0.0,1.0,2.0,0.0
586,27,1.0,0.0,0.0,3.0,3.0,1.0,1.0,0.0,0.0,0.0,0.0,1.0,2.0,1.0,0.0,1.0,0.0,0.0,1.0,1.0,1.0
1038,34,0.0,0.0,0.0,2.0,0.0,0.0,1.0,0.0,1.0,0.0,0.0,1.0,0.0,0.0,0.0,1.0,2.0,0.0,1.0,2.0,0.0
726,21,1.0,0.0,0.0,1.0,1.0,1.0,1.0,1.0,0.0,0.0,0.0,1.0,0.0,1.0,1.0,1.0,1.0,0.0,1.0,1.0,0.0
1060,29,0.0,0.0,0.0,3.0,5.0,1.0,0.0,2.0,0.0,0.0,0.0,1.0,1.0,0.0,0.0,1.0,2.0,1.0,1.0,0.0,0.0
384,26,1.0,0.0,0.0,2.0,1.0,0.0,1.0,1.0,0.0,0.0,0.0,1.0,2.0,2.0,2.0,1.0,0.0,0.0,0.0,1.0,0.0
326,30,0.0,0.0,0.0,0.0,5.0,0.0,1.0,2.0,2.0,2.0,2.0,2.0,1.0,1.0,1.0,0.0,1.0,0.0,0.0,0.0,0.0
242,33,1.0,0.0,1.0,2.0,2.0,0.0,1.0,2.0,2.0,2.0,2.0,2.0,1.0,0.0,0.0,1.0,2.0,0.0,0.0,0.0,0.0
470,31,1.0,0.0,0.0,2.0,3.0,1.0,1.0,2.0,2.0,2.0,2.0,2.0,0.0,0.0,0.0,1.0,2.0,0.0,0.0,2.0,0.0
1093,25,1.0,0.0,0.0,2.0,5.0,0.0,1.0,2.0,2.0,2.0,1.0,2.0,2.0,2.0,0.0,0.0,0.0,0.0,0.0,2.0,0.0
688,28,1.0,0.0,0.0,0.0,2.0,1.0,1.0,1.0,0.0,0.0,0.0,1.0,2.0,1.0,0.0,1.0,0.0,0.0,0.0,0.0,0.0
855,25,1.0,0.0,1.0,0.0,5.0,0.0,1.0,2.0,2.0,2.0,2.0,2.0,0.0,0.0,0.0,1.0,2.0,1.0,2.0,2.0,0.0
675,28,1.0,0.0,0.0,2.0,2.0,1.0,0.0,1.0,1.0,0.0,1.0,1.0,2.0,0.0,0.0,1.0,2.0,0.0,1.0,0.0,0.0
19,36,1.0,1.0,1.0,0.0,1.0,1.0,1.0,0.0,0.0,2.0,0.0,2.0,1.0,0.0,0.0,1.0,1.0,1.0,1.0,0.0,0.0
1145,26,0.0,0.0,1.0,2.0,2.0,1.0,1.0,1.0,0.0,0.0,0.0,1.0,2.0,1.0,0.0,0.0,0.0,0.0,0.0,0.0,0.0
95,29,1.0,0.0,0.0,0.0,2.0,0.0,1.0,1.0,0.0,0.0,1.0,1.0,2.0,0.0,0.0,2.0,2.0,1.0,1.0,1.0,0.0
1144,23,1.0,0.0,0.0,0.0,5.0,0.0,0.0,0.0,2.0,2.0,2.0,2.0,3.0,0.0,0.0,2.0,2.0,0.0,2.0,2.0,0.0
1026,25,0.0,0.0,0.0,0.0,5.0,0.0,1.0,2.0,2.0,2.0,2.0,1.0,2.0,1.0,0.0,1.0,2.0,1.0,0.0,2.0,0.0
1095,36,1.0,1.0,0.0,2.0,0.0,0.0,0.0,0.0,2.0,0.0,0.0,0.0,4.0,0.0,0.0,0.0,0.0,0.0,0.0,1.0,1.0
660,20,0.0,0.0,0.0,1.0,5.0,0.0,1.0,2.0,2.0,2.0,2.0,2.0,1.0,0.0,0.0,1.0,1.0,0.0,1.0,2.0,0.0
300,23,0.0,0.0,0.0,2.0,5.0,0.0,1.0,2.0,2.0,2.0,2.0,1.0,2.0,0.0,0.0,1.0,1.0,0.0,0.0,2.0,0.0
57,24,1.0,0.0,1.0,2.0,2.0,1.0,1.0,1.0,0.0,0.0,0.0,1.0,2.0,0.0,1.0,1.0,2.0,2.0,2.0,1.0,0.0
231,41,1.0,0.0,0.0,1.0,4.0,1.0,1.0,2.0,2.0,0.0,1.0,1.0,2.0,1.0,1.0,1.0,0.0,1.0,1.0,1.0,0.0
873,39,1.0,0.0,0.0,0.0,5.0,1.0,1.0,1.0,1.0,1.0,1.0,1.0,2.0,0.0,0.0,1.0,2.0,0.0,0.0,0.0,0.0
1097,40,1.0,0.0,1.0,2.0,5.0,0.0,1.0,2.0,1.0,2.0,1.0,1.0,3.0,1.0,0.0,1.0,1.0,0.0,1.0,0.0,1.0
270,30,1.0,1.0,0.0,2.0,0.0,1.0,1.0,0.0,0.0,0.0,0.0,1.0,3.0,0.0,0.0,1.0,1.0,0.0,1.0,1.0,0.0
197,26,1.0,0.0,0.0,1.0,5.0,0.0,1.0,2.0,0.0,0.0,0.0,2.0,1.0,0.0,0.0,1.0,2.0,0.0,1.0,1.0,0.0
76,25,1.0,0.0,0.0,0.0,5.0,1.0,1.0,2.0,2.0,2.0,2.0,1.0,2.0,0.0,0.0,2.0,2.0,1.0,2.0,2.0,0.0
812,35,1.0,0.0,0.0,3.0,0.0,0.0,0.0,0.0,0.0,0.0,0.0,2.0,4.0,2.0,0.0,1.0,1.0,0.0,2.0,1.0,1.0
51,33,1.0,0.0,0.0,0.0,3.0,1.0,1.0,1.0,1.0,1.0,1.0,1.0,2.0,0.0,0.0,1.0,2.0,1.0,1.0,0.0,0.0
996,39,1.0,0.0,0.0,1.0,3.0,1.0,1.0,2.0,2.0,0.0,0.0,2.0,0.0,1.0,0.0,1.0,2.0,0.0,0.0,0.0,0.0
502,32,1.0,0.0,0.0,0.0,2.0,0.0,1.0,0.0,1.0,0.0,1.0,1.0,2.0,0.0,0.0,0.0,1.0,0.0,1.0,0.0,0.0
1151,26,1.0,0.0,0.0,0.0,1.0,0.0,1.0,0.0,0.0,0.0,0.0,1.0,2.0,2.0,1.0,1.0,0.0,0.0,1.0,0.0,0.0
4,31,1.0,0.0,0.0,0.0,3.0,1.0,1.0,2.0,0.0,1.0,1.0,1.0,2.0,0.0,0.0,1.0,2.0,2.0,2.0,0.0,0.0
796,32,0.0,0.0,1.0,3.0,3.0,0.0,1.0,2.0,0.0,0.0,1.0,1.0,2.0,2.0,0.0,1.0,2.0,0.0,0.0,0.0,0.0
994,20,1.0,0.0,0.0,2.0,2.0,0.0,1.0,1.0,0.0,0.0,0.0,1.0,2.0,2.0,0.0,0.0,0.0,0.0,1.0,2.0,0.0
315,30,1.0,0.0,0.0,0.0,1.0,0.0,0.0,1.0,1.0,0.0,1.0,1.0,2.0,1.0,1.0,1.0,1.0,0.0,0.0,0.0,0.0
287,18,1.0,0.0,0.0,0.0,2.0,0.0,1.0,1.0,1.0,1.0,1.0,1.0,0.0,0.0,0.0,1.0,1.0,0.0,1.0,2.0,0.0
1223,23,1.0,0.0,0.0,0.0,2.0,0.0,1.0,1.0,0.0,0.0,0.0,1.0,1.0,1.0,0.0,1.0,1.0,0.0,1.0,2.0,1.0
1059,28,0.0,0.0,0.0,1.0,1.0,0.0,1.0,2.0,2.0,1.0,2.0,2.0,0.0,0.0,0.0,1.0,1.0,0.0,2.0,0.0,0.0
1086,41,1.0,0.0,0.0,2.0,5.0,0.0,1.0,1.0,0.0,0.0,0.0,1.0,3.0,0.0,0.0,2.0,2.0,0.0,0.0,2.0,0.0
928,25,1.0,0.0,0.0,0.0,3.0,1.0,1.0,2.0,0.0,0.0,0.0,2.0,2.0,0.0,0.0,2.0,2.0,1.0,1.0,0.0,0.0
111,28,1.0,0.0,0.0,2.0,2.0,0.0,1.0,2.0,2.0,2.0,2.0,2.0,1.0,0.0,0.0,1.0,1.0,0.0,1.0,2.0,0.0
1212,34,0.0,0.0,0.0,2.0,5.0,0.0,0.0,0.0,2.0,0.0,2.0,2.0,3.0,1.0,1.0,1.0,2.0,0.0,1.0,1.0,1.0
593,41,1.0,0.0,1.0,2.0,5.0,0.0,1.0,2.0,1.0,2.0,2.0,1.0,2.0,1.0,0.0,1.0,1.0,0.0,0.0,1.0,0.0
1029,34,1.0,0.0,0.0,0.0,5.0,0.0,0.0,2.0,1.0,2.0,1.0,1.0,2.0,1.0,1.0,1.0,2.0,0.0,0.0,0.0,0.0
1096,24,1.0,0.0,1.0,1.0,1.0,1.0,1.0,1.0,0.0,0.0,0.0,1.0,0.0,0.0,0.0,2.0,2.0,1.0,2.0,2.0,0.0
382,31,1.0,0.0,1.0,2.0,2.0,1.0,1.0,2.0,0.0,0.0,0.0,1.0,2.0,0.0,0.0,2.0,2.0,0.0,0.0,0.0,0.0
737,33,1.0,0.0,0.0,2.0,2.0,0.0,1.0,1.0,1.0,0.0,0.0,1.0,2.0,1.0,0.0,1.0,0.0,0.0,1.0,0.0,0.0
135,39,1.0,0.0,0.0,0.0,2.0,0.0,0.0,0.0,0.0,0.0,0.0,1.0,2.0,2.0,1.0,0.0,0.0,0.0,0.0,0.0,0.0
345,25,0.0,0.0,1.0,2.0,2.0,0.0,1.0,2.0,2.0,0.0,0.0,2.0,2.0,0.0,0.0,1.0,2.0,0.0,0.0,0.0,0.0
61,26,0.0,0.0,0.0,2.0,2.0,1.0,1.0,1.0,1.0,2.0,2.0,2.0,0.0,0.0,0.0,2.0,2.0,1.0,2.0,2.0,0.0
396,48,1.0,0.0,0.0,0.0,2.0,0.0,1.0,1.0,0.0,0.0,0.0,1.0,2.0,1.0,1.0,0.0,0.0,0.0,0.0,1.0,0.0
358,34,1.0,0.0,0.0,2.0,3.0,1.0,1.0,0.0,0.0,0.0,0.0,1.0,1.0,2.0,2.0,1.0,1.0,0.0,1.0,0.0,0.0
667,24,1.0,0.0,0.0,0.0,5.0,0.0,1.0,1.0,1.0,1.0,1.0,1.0,2.0,0.0,0.0,0.0,0.0,0.0,0.0,0.0,0.0
35,27,1.0,0.0,0.0,1.0,1.0,0.0,1.0,0.0,2.0,0.0,0.0,1.0,0.0,0.0,0.0,2.0,2.0,1.0,1.0,0.0,0.0
864,46,1.0,0.0,0.0,1.0,5.0,0.0,0.0,2.0,2.0,2.0,2.0,2.0,1.0,2.0,1.0,0.0,0.0,0.0,1.0,2.0,0.0
373,32,0.0,0.0,0.0,2.0,2.0,0.0,1.0,2.0,2.0,2.0,2.0,2.0,1.0,1.0,0.0,1.0,2.0,0.0,1.0,2.0,0.0
1107,26,1.0,0.0,1.0,1.0,2.0,0.0,1.0,0.0,0.0,1.0,1.0,1.0,0.0,0.0,0.0,2.0,2.0,1.0,2.0,2.0,0.0
535,27,0.0,0.0,1.0,2.0,1.0,0.0,1.0,0.0,2.0,0.0,0.0,0.0,3.0,2.0,0.0,1.0,1.0,0.0,0.0,1.0,0.0
815,39,0.0,0.0,0.0,2.0,2.0,0.0,1.0,1.0,1.0,0.0,1.0,1.0,2.0,2.0,0.0,0.0,0.0,0.0,2.0,0.0,0.0
96,24,1.0,0.0,1.0,1.0,2.0,0.0,1.0,1.0,1.0,0.0,1.0,1.0,1.0,1.0,1.0,1.0,0.0,0.0,1.0,0.0,0.0
214,32,0.0,0.0,0.0,2.0,3.0,0.0,0.0,2.0,2.0,1.0,1.0,2.0,0.0,0.0,0.0,2.0,2.0,0.0,2.0,2.0,0.0
3,31,1.0,0.0,1.0,3.0,2.0,0.0,1.0,0.0,2.0,0.0,0.0,0.0,3.0,2.0,2.0,1.0,0.0,1.0,1.0,1.0,1.0
856,51,1.0,0.0,0.0,0.0,5.0,1.0,1.0,2.0,2.0,2.0,2.0,2.0,0.0,0.0,0.0,2.0,2.0,0.0,0.0,2.0,0.0
529,31,0.0,1.0,1.0,2.0,3.0,1.0,1.0,1.0,1.0,1.0,1.0,1.0,2.0,1.0,1.0,1.0,2.0,0.0,0.0,2.0,0.0
254,24,1.0,0.0,0.0,2.0,1.0,0.0,1.0,1.0,0.0,1.0,1.0,1.0,2.0,0.0,0.0,2.0,2.0,1.0,1.0,0.0,0.0
488,26,1.0,0.0,0.0,2.0,1.0,0.0,1.0,0.0,0.0,0.0,0.0,2.0,0.0,1.0,0.0,1.0,2.0,0.0,1.0,2.0,0.0
1172,40,0.0,0.0,1.0,2.0,2.0,0.0,1.0,2.0,2.0,0.0,2.0,2.0,1.0,0.0,0.0,2.0,2.0,0.0,1.0,2.0,1.0
600,29,1.0,0.0,1.0,3.0,3.0,0.0,1.0,2.0,2.0,2.0,2.0,1.0,2.0,0.0,0.0,1.0,2.0,0.0,0.0,0.0,0.0
442,41,1.0,0.0,0.0,2.0,5.0,0.0,1.0,2.0,2.0,2.0,2.0,2.0,2.0,1.0,0.0,1.0,2.0,1.0,2.0,2.0,1.0
327,25,1.0,0.0,1.0,2.0,5.0,0.0,1.0,1.0,1.0,1.0,2.0,1.0,2.0,0.0,0.0,2.0,2.0,0.0,0.0,2.0,0.0
674,35,1.0,0.0,1.0,2.0,2.0,0.0,1.0,1.0,0.0,0.0,0.0,1.0,2.0,1.0,1.0,1.0,1.0,0.0,0.0,1.0,0.0
692,30,1.0,0.0,0.0,0.0,2.0,0.0,1.0,1.0,0.0,0.0,1.0,2.0,1.0,0.0,0.0,1.0,0.0,1.0,1.0,0.0,0.0
824,43,1.0,0.0,0.0,0.0,5.0,0.0,1.0,2.0,0.0,2.0,2.0,1.0,2.0,0.0,0.0,1.0,2.0,0.0,1.0,0.0,0.0
752,37,1.0,0.0,1.0,2.0,3.0,0.0,1.0,1.0,1.0,1.0,1.0,1.0,2.0,1.0,0.0,1.0,1.0,0.0,0.0,0.0,0.0
480,23,1.0,0.0,0.0,0.0,2.0,0.0,0.0,1.0,1.0,1.0,1.0,1.0,2.0,0.0,0.0,2.0,2.0,1.0,2.0,2.0,0.0
439,29,1.0,0.0,1.0,1.0,0.0,1.0,1.0,2.0,2.0,2.0,2.0,2.0,1.0,0.0,0.0,2.0,2.0,1.0,1.0,2.0,0.0
223,28,1.0,0.0,0.0,2.0,5.0,0.0,1.0,0.0,2.0,0.0,0.0,2.0,4.0,2.0,0.0,0.0,1.0,0.0,0.0,1.0,0.0
146,24,1.0,0.0,0.0,0.0,1.0,0.0,1.0,0.0,0.0,0.0,0.0,2.0,2.0,1.0,1.0,0.0,1.0,0.0,0.0,0.0,0.0
285,27,1.0,0.0,1.0,2.0,1.0,0.0,1.0,0.0,0.0,0.0,0.0,2.0,1.0,1.0,1.0,2.0,2.0,2.0,2.0,2.0,0.0
40,24,1.0,0.0,0.0,2.0,1.0,0.0,1.0,0.0,0.0,0.0,0.0,1.0,2.0,1.0,1.0,1.0,0.0,0.0,2.0,1.0,1.0
1178,40,1.0,1.0,0.0,2.0,0.0,1.0,1.0,0.0,2.0,0.0,0.0,1.0,1.0,0.0,0.0,1.0,1.0,1.0,1.0,0.0,0.0
590,34,1.0,0.0,1.0,2.0,2.0,1.0,1.0,2.0,2.0,0.0,0.0,1.0,2.0,1.0,0.0,1.0,1.0,0.0,2.0,0.0,1.0
891,32,1.0,1.0,1.0,1.0,0.0,1.0,1.0,0.0,2.0,0.0,0.0,1.0,4.0,2.0,0.0,1.0,0.0,0.0,1.0,0.0,0.0
935,38,1.0,1.0,1.0,1.0,0.0,1.0,0.0,0.0,0.0,0.0,0.0,2.0,4.0,1.0,0.0,0.0,0.0,0.0,0.0,1.0,0.0
900,25,1.0,0.0,1.0,1.0,2.0,0.0,0.0,0.0,0.0,0.0,0.0,1.0,2.0,2.0,1.0,0.0,0.0,0.0,1.0,1.0,0.0
837,47,0.0,0.0,0.0,0.0,3.0,1.0,1.0,1.0,0.0,0.0,1.0,1.0,4.0,2.0,2.0,0.0,0.0,0.0,0.0,1.0,0.0
1169,32,0.0,0.0,0.0,2.0,5.0,0.0,1.0,2.0,2.0,0.0,1.0,1.0,2.0,1.0,0.0,1.0,0.0,0.0,0.0,1.0,0.0
876,31,1.0,0.0,0.0,0.0,2.0,0.0,1.0,2.0,0.0,2.0,0.0,2.0,1.0,1.0,0.0,1.0,1.0,0.0,1.0,1.0,0.0
992,30,0.0,0.0,1.0,2.0,2.0,0.0,1.0,2.0,2.0,2.0,1.0,2.0,0.0,0.0,0.0,1.0,0.0,0.0,0.0,2.0,0.0
790,29,1.0,0.0,0.0,1.0,3.0,0.0,1.0,1.0,1.0,0.0,0.0,1.0,1.0,0.0,0.0,1.0,2.0,0.0,1.0,0.0,1.0
627,34,1.0,1.0,1.0,2.0,1.0,0.0,1.0,0.0,2.0,0.0,0.0,2.0,1.0,0.0,0.0,1.0,1.0,0.0,0.0,1.0,0.0
123,36,1.0,0.0,0.0,3.0,1.0,0.0,1.0,2.0,0.0,0.0,0.0,2.0,2.0,1.0,0.0,0.0,0.0,0.0,0.0,0.0,0.0
1203,24,1.0,0.0,0.0,0.0,3.0,0.0,1.0,1.0,1.0,0.0,0.0,1.0,1.0,1.0,1.0,1.0,2.0,0.0,1.0,0.0,0.0
506,42,1.0,0.0,0.0,0.0,3.0,0.0,0.0,2.0,0.0,2.0,0.0,1.0,4.0,1.0,0.0,2.0,2.0,1.0,2.0,1.0,0.0
538,27,1.0,0.0,0.0,0.0,1.0,0.0,1.0,1.0,0.0,0.0,0.0,1.0,2.0,1.0,1.0,1.0,1.0,0.0,0.0,0.0,0.0
516,46,1.0,0.0,0.0,1.0,4.0,1.0,1.0,2.0,1.0,2.0,2.0,2.0,2.0,0.0,0.0,1.0,2.0,0.0,1.0,2.0,0.0
709,29,1.0,0.0,0.0,3.0,2.0,0.0,1.0,2.0,2.0,0.0,0.0,2.0,0.0,0.0,0.0,2.0,2.0,1.0,1.0,2.0,0.0
791,33,1.0,0.0,0.0,2.0,5.0,0.0,1.0,2.0,2.0,1.0,1.0,1.0,2.0,1.0,1.0,1.0,1.0,0.0,0.0,0.0,0.0
239,28,0.0,0.0,1.0,2.0,1.0,0.0,0.0,2.0,2.0,2.0,2.0,2.0,2.0,0.0,0.0,1.0,2.0,0.0,0.0,1.0,1.0
1103,35,0.0,0.0,1.0,2.0,1.0,1.0,1.0,1.0,0.0,0.0,0.0,1.0,1.0,0.0,0.0,2.0,1.0,0.0,0.0,2.0,0.0
773,28,1.0,0.0,0.0,0.0,5.0,0.0,0.0,1.0,1.0,0.0,1.0,1.0,2.0,0.0,0.0,1.0,1.0,2.0,2.0,1.0,0.0
194,32,0.0,0.0,0.0,2.0,3.0,0.0,1.0,0.0,0.0,0.0,0.0,1.0,4.0,2.0,2.0,1.0,0.0,0.0,0.0,1.0,1.0
1238,28,1.0,0.0,1.0,3.0,5.0,0.0,0.0,2.0,2.0,2.0,2.0,2.0,1.0,2.0,1.0,1.0,2.0,0.0,0.0,1.0,1.0
192,28,1.0,0.0,0.0,2.0,2.0,0.0,1.0,0.0,0.0,0.0,0.0,1.0,2.0,2.0,1.0,0.0,0.0,0.0,1.0,0.0,0.0
346,23,1.0,0.0,1.0,2.0,3.0,0.0,0.0,1.0,0.0,0.0,0.0,1.0,2.0,0.0,0.0,2.0,2.0,1.0,2.0,0.0,0.0
236,37,1.0,0.0,1.0,3.0,2.0,0.0,1.0,2.0,2.0,0.0,1.0,1.0,2.0,1.0,0.0,1.0,1.0,0.0,2.0,0.0,0.0
990,38,1.0,0.0,0.0,0.0,0.0,1.0,1.0,0.0,0.0,0.0,0.0,2.0,1.0,0.0,0.0,1.0,2.0,0.0,0.0,0.0,0.0
92,34,1.0,0.0,0.0,0.0,2.0,0.0,1.0,1.0,0.0,0.0,0.0,1.0,1.0,1.0,0.0,1.0,0.0,0.0,1.0,0.0,0.0
728,29,1.0,0.0,0.0,0.0,5.0,0.0,0.0,1.0,1.0,1.0,1.0,1.0,2.0,0.0,0.0,2.0,2.0,0.0,0.0,1.0,0.0
898,50,1.0,1.0,0.0,0.0,0.0,1.0,1.0,0.0,2.0,0.0,0.0,2.0,1.0,0.0,0.0,1.0,2.0,0.0,1.0,2.0,0.0
544,28,2.0,0.0,1.0,1.0,3.0,0.0,1.0,0.0,1.0,0.0,0.0,2.0,3.0,2.0,2.0,1.0,1.0,2.0,0.0,1.0,1.0
301,31,0.0,0.0,0.0,2.0,5.0,0.0,1.0,2.0,1.0,1.0,1.0,2.0,1.0,0.0,0.0,2.0,2.0,0.0,0.0,2.0,0.0
138,29,0.0,0.0,0.0,0.0,1.0,0.0,1.0,1.0,0.0,0.0,1.0,1.0,1.0,1.0,0.0,1.0,0.0,0.0,0.0,0.0,0.0
9,23,1.0,0.0,0.0,0.0,2.0,0.0,1.0,1.0,0.0,1.0,1.0,1.0,2.0,0.0,0.0,2.0,2.0,1.0,1.0,2.0,0.0
132,27,1.0,0.0,0.0,0.0,2.0,0.0,1.0,1.0,1.0,1.0,1.0,1.0,2.0,0.0,0.0,2.0,2.0,1.0,1.0,0.0,0.0
386,42,1.0,0.0,0.0,0.0,4.0,0.0,1.0,1.0,1.0,0.0,0.0,1.0,2.0,0.0,0.0,1.0,2.0,1.0,1.0,0.0,0.0
154,37,1.0,0.0,1.0,1.0,5.0,0.0,0.0,2.0,2.0,2.0,2.0,2.0,3.0,2.0,1.0,1.0,0.0,0.0,2.0,1.0,1.0
59,33,1.0,0.0,1.0,3.0,1.0,1.0,1.0,1.0,0.0,0.0,0.0,0.0,3.0,2.0,0.0,0.0,0.0,0.0,1.0,0.0,0.0
151,32,1.0,0.0,1.0,0.0,2.0,0.0,1.0,1.0,1.0,0.0,0.0,1.0,0.0,0.0,0.0,1.0,1.0,0.0,1.0,1.0,0.0
814,36,0.0,1.0,0.0,2.0,0.0,1.0,1.0,1.0,1.0,1.0,1.0,1.0,2.0,1.0,0.0,1.0,0.0,0.0,0.0,0.0,0.0
1138,23,1.0,0.0,1.0,2.0,1.0,0.0,1.0,1.0,1.0,0.0,0.0,1.0,1.0,1.0,0.0,0.0,0.0,0.0,0.0,0.0,0.0
836,24,0.0,0.0,1.0,3.0,1.0,0.0,1.0,2.0,2.0,0.0,0.0,2.0,0.0,0.0,0.0,1.0,2.0,0.0,2.0,1.0,1.0
408,22,1.0,1.0,0.0,0.0,1.0,1.0,1.0,1.0,0.0,0.0,0.0,1.0,1.0,0.0,0.0,2.0,2.0,1.0,0.0,0.0,0.0
36,29,1.0,0.0,0.0,1.0,0.0,0.0,1.0,0.0,0.0,0.0,0.0,1.0,0.0,2.0,1.0,1.0,0.0,0.0,0.0,0.0,0.0
283,35,1.0,0.0,1.0,2.0,2.0,0.0,1.0,2.0,2.0,0.0,0.0,2.0,3.0,2.0,0.0,0.0,1.0,0.0,1.0,0.0,0.0
1089,28,0.0,0.0,1.0,2.0,3.0,0.0,1.0,2.0,2.0,1.0,1.0,1.0,2.0,1.0,0.0,1.0,1.0,0.0,0.0,2.0,0.0
262,30,1.0,0.0,0.0,2.0,3.0,1.0,1.0,2.0,2.0,0.0,2.0,2.0,2.0,0.0,0.0,2.0,2.0,1.0,0.0,2.0,0.0
120,29,1.0,0.0,0.0,0.0,5.0,0.0,1.0,2.0,2.0,0.0,2.0,1.0,2.0,2.0,2.0,0.0,0.0,0.0,0.0,0.0,0.0
977,27,1.0,0.0,1.0,0.0,4.0,0.0,0.0,2.0,2.0,1.0,0.0,2.0,1.0,1.0,1.0,0.0,1.0,0.0,1.0,0.0,1.0
705,32,1.0,0.0,0.0,1.0,3.0,0.0,1.0,1.0,0.0,0.0,0.0,1.0,2.0,1.0,0.0,2.0,2.0,0.0,1.0,1.0,1.0
541,31,0.0,0.0,1.0,1.0,3.0,0.0,1.0,2.0,2.0,0.0,0.0,2.0,1.0,0.0,0.0,2.0,2.0,0.0,0.0,2.0,0.0
162,31,1.0,0.0,0.0,0.0,5.0,0.0,1.0,2.0,0.0,0.0,2.0,1.0,2.0,0.0,0.0,1.0,1.0,0.0,0.0,0.0,0.0
303,28,0.0,0.0,1.0,3.0,3.0,1.0,0.0,2.0,2.0,2.0,2.0,2.0,1.0,2.0,0.0,1.0,2.0,0.0,0.0,2.0,0.0
1012,24,0.0,0.0,1.0,2.0,5.0,0.0,0.0,2.0,2.0,0.0,1.0,1.0,3.0,2.0,1.0,1.0,1.0,0.0,0.0,1.0,1.0
147,23,1.0,0.0,0.0,2.0,1.0,0.0,0.0,0.0,0.0,0.0,0.0,0.0,1.0,2.0,2.0,0.0,0.0,0.0,0.0,1.0,0.0
553,21,2.0,0.0,0.0,2.0,2.0,0.0,1.0,0.0,2.0,2.0,0.0,2.0,1.0,1.0,0.0,1.0,1.0,0.0,0.0,2.0,0.0
47,34,1.0,0.0,0.0,0.0,1.0,0.0,1.0,0.0,0.0,0.0,0.0,1.0,2.0,0.0,0.0,2.0,2.0,1.0,2.0,0.0,0.0
164,33,0.0,1.0,1.0,2.0,0.0,0.0,1.0,0.0,2.0,2.0,2.0,2.0,4.0,0.0,0.0,1.0,2.0,0.0,2.0,2.0,0.0
901,43,1.0,0.0,1.0,1.0,2.0,0.0,1.0,0.0,0.0,0.0,0.0,1.0,4.0,2.0,2.0,1.0,0.0,0.0,0.0,1.0,1.0
594,29,1.0,0.0,1.0,0.0,3.0,0.0,1.0,2.0,2.0,2.0,2.0,1.0,2.0,0.0,0.0,1.0,2.0,0.0,1.0,2.0,0.0
540,26,0.0,0.0,1.0,3.0,3.0,0.0,0.0,1.0,0.0,0.0,0.0,1.0,3.0,1.0,0.0,0.0,0.0,0.0,1.0,1.0,0.0
780,43,1.0,0.0,0.0,0.0,2.0,0.0,1.0,1.0,0.0,0.0,1.0,1.0,2.0,0.0,0.0,2.0,2.0,2.0,2.0,0.0,0.0
456,27,1.0,0.0,0.0,1.0,1.0,0.0,1.0,0.0,2.0,0.0,0.0,1.0,1.0,1.0,0.0,1.0,1.0,0.0,1.0,1.0,0.0
920,28,1.0,0.0,1.0,2.0,1.0,0.0,1.0,1.0,1.0,0.0,1.0,1.0,1.0,0.0,0.0,1.0,2.0,0.0,2.0,0.0,0.0
583,35,1.0,0.0,0.0,0.0,1.0,0.0,1.0,0.0,2.0,0.0,0.0,2.0,0.0,0.0,0.0,1.0,2.0,1.0,1.0,2.0,0.0
221,33,1.0,0.0,0.0,0.0,2.0,0.0,1.0,1.0,0.0,0.0,0.0,1.0,2.0,0.0,0.0,2.0,2.0,2.0,2.0,0.0,0.0
570,23,1.0,0.0,1.0,1.0,0.0,0.0,1.0,0.0,2.0,0.0,0.0,1.0,2.0,1.0,0.0,1.0,2.0,0.0,0.0,2.0,0.0
94,25,0.0,0.0,0.0,2.0,2.0,0.0,1.0,2.0,2.0,0.0,1.0,1.0,2.0,1.0,0.0,1.0,2.0,0.0,1.0,0.0,0.0
186,24,1.0,0.0,0.0,2.0,1.0,0.0,1.0,1.0,0.0,0.0,1.0,1.0,1.0,1.0,0.0,1.0,2.0,1.0,2.0,2.0,0.0
711,27,1.0,0.0,0.0,0.0,1.0,0.0,1.0,1.0,1.0,1.0,1.0,1.0,2.0,0.0,0.0,2.0,2.0,0.0,0.0,2.0,0.0
340,35,1.0,0.0,0.0,0.0,2.0,0.0,0.0,1.0,1.0,0.0,1.0,1.0,2.0,0.0,0.0,2.0,2.0,0.0,0.0,1.0,0.0
730,37,1.0,0.0,0.0,3.0,1.0,0.0,1.0,0.0,0.0,0.0,0.0,1.0,2.0,2.0,0.0,2.0,2.0,1.0,2.0,1.0,0.0
278,28,1.0,0.0,0.0,1.0,3.0,0.0,0.0,2.0,2.0,2.0,1.0,1.0,0.0,1.0,0.0,1.0,1.0,0.0,0.0,2.0,0.0
868,32,1.0,1.0,0.0,2.0,0.0,1.0,1.0,0.0,2.0,0.0,0.0,2.0,1.0,0.0,0.0,1.0,1.0,1.0,1.0,1.0,0.0
578,29,1.0,1.0,0.0,0.0,2.0,1.0,1.0,2.0,2.0,0.0,0.0,2.0,4.0,2.0,0.0,1.0,0.0,0.0,2.0,1.0,0.0
503,25,1.0,0.0,0.0,0.0,5.0,0.0,0.0,1.0,1.0,1.0,2.0,1.0,2.0,0.0,0.0,2.0,2.0,0.0,2.0,0.0,0.0
978,26,1.0,0.0,0.0,0.0,1.0,0.0,1.0,2.0,0.0,0.0,0.0,0.0,1.0,1.0,0.0,0.0,0.0,0.0,0.0,0.0,0.0
1225,23,0.0,0.0,0.0,1.0,2.0,0.0,1.0,0.0,2.0,2.0,0.0,1.0,2.0,0.0,0.0,2.0,1.0,0.0,1.0,0.0,0.0
11,29,1.0,0.0,0.0,0.0,3.0,1.0,1.0,1.0,1.0,0.0,0.0,1.0,2.0,0.0,0.0,2.0,2.0,2.0,2.0,0.0,0.0
344,33,1.0,0.0,0.0,1.0,0.0,1.0,1.0,1.0,0.0,0.0,0.0,1.0,2.0,2.0,1.0,0.0,0.0,0.0,1.0,1.0,0.0
91,40,1.0,0.0,0.0,2.0,2.0,0.0,1.0,0.0,2.0,0.0,0.0,2.0,4.0,0.0,0.0,2.0,2.0,2.0,2.0,1.0,0.0
520,62,1.0,0.0,0.0,0.0,5.0,0.0,1.0,2.0,2.0,1.0,2.0,1.0,2.0,1.0,0.0,1.0,2.0,1.0,1.0,2.0,0.0
490,31,1.0,0.0,0.0,0.0,5.0,0.0,1.0,2.0,1.0,1.0,1.0,2.0,2.0,0.0,0.0,0.0,1.0,0.0,0.0,2.0,0.0
161,25,0.0,0.0,1.0,2.0,4.0,0.0,1.0,2.0,0.0,0.0,0.0,1.0,2.0,2.0,2.0,1.0,1.0,0.0,0.0,0.0,0.0
902,25,0.0,1.0,0.0,3.0,0.0,0.0,1.0,2.0,2.0,2.0,2.0,2.0,0.0,1.0,1.0,1.0,1.0,0.0,0.0,2.0,1.0
101,44,0.0,0.0,0.0,0.0,3.0,0.0,1.0,2.0,1.0,1.0,1.0,1.0,2.0,1.0,1.0,0.0,1.0,0.0,0.0,0.0,0.0
419,55,1.0,0.0,1.0,2.0,0.0,1.0,1.0,0.0,2.0,0.0,1.0,1.0,2.0,2.0,1.0,0.0,0.0,0.0,0.0,1.0,1.0
292,45,1.0,0.0,1.0,2.0,5.0,0.0,1.0,2.0,2.0,1.0,1.0,2.0,2.0,1.0,0.0,1.0,1.0,0.0,1.0,0.0,0.0
474,34,1.0,0.0,0.0,2.0,1.0,1.0,1.0,1.0,0.0,0.0,0.0,1.0,4.0,1.0,0.0,1.0,2.0,0.0,1.0,0.0,0.0
1218,28,1.0,0.0,0.0,0.0,1.0,0.0,1.0,0.0,1.0,0.0,0.0,1.0,1.0,1.0,1.0,1.0,1.0,0.0,0.0,0.0,0.0
776,43,1.0,0.0,0.0,2.0,1.0,1.0,1.0,1.0,0.0,0.0,1.0,1.0,2.0,1.0,0.0,0.0,0.0,0.0,1.0,1.0,0.0
1198,32,1.0,0.0,0.0,3.0,2.0,1.0,1.0,2.0,1.0,0.0,1.0,1.0,4.0,2.0,1.0,1.0,0.0,0.0,0.0,0.0,0.0
234,30,1.0,0.0,0.0,0.0,2.0,0.0,1.0,1.0,0.0,1.0,1.0,2.0,1.0,0.0,0.0,1.0,1.0,0.0,0.0,2.0,0.0
105,35,1.0,0.0,1.0,1.0,1.0,0.0,1.0,2.0,1.0,0.0,0.0,2.0,1.0,0.0,0.0,1.0,2.0,0.0,0.0,0.0,0.0
1209,29,1.0,0.0,1.0,2.0,2.0,0.0,1.0,1.0,1.0,0.0,0.0,1.0,3.0,1.0,0.0,0.0,0.0,0.0,1.0,1.0,0.0
783,33,1.0,1.0,0.0,0.0,0.0,0.0,1.0,1.0,0.0,0.0,0.0,1.0,2.0,0.0,0.0,2.0,2.0,0.0,1.0,0.0,0.0
172,22,1.0,0.0,0.0,0.0,5.0,0.0,1.0,1.0,1.0,0.0,0.0,1.0,4.0,2.0,1.0,0.0,0.0,1.0,1.0,1.0,0.0
265,32,1.0,0.0,0.0,0.0,1.0,0.0,1.0,0.0,2.0,0.0,1.0,1.0,0.0,0.0,0.0,1.0,2.0,0.0,1.0,0.0,0.0
581,50,1.0,0.0,1.0,0.0,3.0,1.0,1.0,1.0,0.0,0.0,1.0,1.0,2.0,0.0,0.0,1.0,2.0,1.0,1.0,0.0,0.0
498,54,1.0,0.0,0.0,2.0,5.0,1.0,0.0,0.0,2.0,2.0,2.0,2.0,0.0,0.0,0.0,2.0,2.0,1.0,1.0,1.0,0.0
74,33,1.0,0.0,0.0,0.0,5.0,0.0,1.0,1.0,1.0,2.0,1.0,1.0,2.0,1.0,0.0,1.0,1.0,0.0,1.0,2.0,0.0
999,27,1.0,0.0,0.0,0.0,1.0,0.0,1.0,0.0,0.0,0.0,0.0,1.0,2.0,0.0,0.0,0.0,0.0,0.0,0.0,0.0,0.0
306,30,2.0,0.0,1.0,1.0,2.0,0.0,1.0,2.0,1.0,0.0,0.0,1.0,1.0,1.0,0.0,1.0,2.0,0.0,0.0,0.0,0.0
245,40,1.0,0.0,0.0,2.0,5.0,1.0,1.0,2.0,2.0,2.0,2.0,2.0,2.0,2.0,1.0,0.0,0.0,0.0,1.0,1.0,1.0
1205,32,1.0,0.0,0.0,2.0,1.0,0.0,1.0,0.0,0.0,0.0,0.0,1.0,1.0,0.0,0.0,1.0,2.0,0.0,1.0,0.0,0.0
618,38,1.0,0.0,1.0,3.0,2.0,1.0,1.0,0.0,1.0,0.0,1.0,1.0,2.0,1.0,1.0,1.0,1.0,1.0,1.0,0.0,0.0
511,25,0.0,0.0,0.0,2.0,1.0,0.0,1.0,0.0,0.0,0.0,0.0,0.0,1.0,1.0,0.0,1.0,0.0,0.0,0.0,2.0,0.0
368,21,1.0,0.0,1.0,1.0,3.0,0.0,1.0,2.0,0.0,0.0,1.0,2.0,2.0,0.0,0.0,2.0,2.0,1.0,1.0,0.0,0.0
738,27,1.0,0.0,0.0,0.0,1.0,0.0,1.0,0.0,0.0,0.0,2.0,2.0,2.0,1.0,0.0,2.0,1.0,0.0,2.0,2.0,0.0
682,19,2.0,0.0,1.0,3.0,2.0,0.0,0.0,1.0,1.0,0.0,0.0,1.0,3.0,1.0,1.0,0.0,0.0,0.0,1.0,1.0,0.0
702,37,1.0,0.0,1.0,2.0,3.0,0.0,1.0,2.0,2.0,1.0,1.0,2.0,2.0,1.0,0.0,2.0,2.0,0.0,0.0,0.0,0.0
217,31,1.0,1.0,0.0,0.0,1.0,0.0,1.0,2.0,2.0,0.0,1.0,2.0,0.0,0.0,0.0,1.0,1.0,0.0,0.0,2.0,0.0
966,26,0.0,1.0,1.0,2.0,0.0,1.0,1.0,0.0,0.0,0.0,0.0,1.0,0.0,1.0,0.0,1.0,2.0,0.0,1.0,2.0,0.0
313,26,1.0,0.0,1.0,2.0,5.0,0.0,1.0,2.0,1.0,0.0,1.0,1.0,2.0,2.0,0.0,0.0,0.0,0.0,0.0,1.0,0.0
13,36,1.0,0.0,1.0,0.0,4.0,0.0,1.0,1.0,1.0,0.0,1.0,1.0,2.0,0.0,0.0,2.0,2.0,0.0,0.0,0.0,0.0
1122,33,0.0,0.0,0.0,0.0,3.0,0.0,1.0,1.0,1.0,0.0,1.0,1.0,0.0,1.0,0.0,1.0,1.0,0.0,1.0,1.0,0.0
1110,33,1.0,0.0,1.0,2.0,1.0,1.0,1.0,2.0,2.0,0.0,1.0,2.0,0.0,0.0,0.0,1.0,2.0,1.0,1.0,2.0,0.0
1187,38,1.0,0.0,1.0,2.0,2.0,1.0,1.0,2.0,0.0,0.0,0.0,1.0,2.0,1.0,0.0,1.0,1.0,0.0,0.0,0.0,0.0
939,44,1.0,0.0,1.0,2.0,1.0,1.0,1.0,2.0,2.0,2.0,2.0,2.0,3.0,1.0,1.0,1.0,2.0,0.0,1.0,1.0,0.0
801,23,1.0,0.0,1.0,2.0,1.0,0.0,1.0,0.0,2.0,0.0,0.0,1.0,0.0,0.0,0.0,1.0,2.0,1.0,1.0,2.0,0.0
971,30,1.0,1.0,0.0,2.0,1.0,0.0,1.0,0.0,2.0,0.0,0.0,0.0,4.0,2.0,2.0,0.0,0.0,0.0,0.0,2.0,1.0
678,29,1.0,1.0,0.0,0.0,0.0,0.0,1.0,0.0,2.0,0.0,0.0,2.0,0.0,0.0,0.0,2.0,2.0,2.0,2.0,2.0,0.0
731,24,1.0,0.0,0.0,0.0,2.0,0.0,1.0,0.0,0.0,2.0,0.0,1.0,2.0,1.0,0.0,2.0,1.0,0.0,0.0,0.0,0.0
893,30,1.0,0.0,1.0,0.0,3.0,0.0,1.0,2.0,0.0,1.0,2.0,1.0,4.0,2.0,2.0,1.0,0.0,1.0,1.0,1.0,0.0
357,34,1.0,0.0,1.0,2.0,5.0,0.0,1.0,2.0,2.0,1.0,2.0,2.0,2.0,1.0,1.0,0.0,0.0,0.0,0.0,0.0,0.0
352,30,1.0,0.0,0.0,0.0,1.0,0.0,1.0,0.0,0.0,0.0,1.0,1.0,0.0,0.0,0.0,1.0,2.0,0.0,1.0,2.0,0.0
1019,25,1.0,0.0,0.0,1.0,2.0,1.0,1.0,1.0,0.0,0.0,0.0,1.0,1.0,2.0,0.0,1.0,1.0,0.0,2.0,0.0,1.0
798,27,1.0,0.0,1.0,0.0,2.0,0.0,1.0,0.0,0.0,0.0,0.0,1.0,2.0,1.0,0.0,1.0,2.0,0.0,2.0,1.0,0.0
765,39,1.0,1.0,0.0,0.0,1.0,0.0,1.0,0.0,0.0,2.0,0.0,2.0,1.0,0.0,0.0,1.0,2.0,1.0,1.0,2.0,0.0
597,31,1.0,0.0,0.0,0.0,2.0,1.0,1.0,1.0,0.0,0.0,1.0,1.0,2.0,2.0,0.0,0.0,0.0,0.0,1.0,0.0,0.0
142,35,1.0,0.0,0.0,0.0,2.0,1.0,0.0,1.0,1.0,1.0,1.0,1.0,2.0,2.0,0.0,1.0,0.0,0.0,1.0,0.0,0.0
443,33,0.0,0.0,0.0,0.0,3.0,1.0,1.0,2.0,0.0,1.0,0.0,1.0,2.0,0.0,0.0,1.0,2.0,0.0,0.0,2.0,0.0
650,39,1.0,0.0,0.0,1.0,5.0,1.0,0.0,1.0,0.0,2.0,2.0,1.0,2.0,0.0,0.0,1.0,1.0,0.0,1.0,0.0,0.0
795,38,1.0,0.0,0.0,0.0,2.0,0.0,1.0,2.0,2.0,0.0,0.0,1.0,1.0,1.0,0.0,1.0,2.0,0.0,1.0,1.0,1.0
296,30,0.0,0.0,1.0,2.0,2.0,0.0,1.0,2.0,2.0,2.0,1.0,1.0,0.0,0.0,0.0,2.0,2.0,0.0,2.0,2.0,0.0
536,39,1.0,0.0,1.0,3.0,2.0,1.0,1.0,2.0,2.0,2.0,2.0,1.0,1.0,2.0,0.0,1.0,2.0,0.0,0.0,1.0,0.0
12,42,0.0,0.0,1.0,2.0,2.0,0.0,0.0,2.0,2.0,0.0,0.0,1.0,3.0,2.0,2.0,2.0,2.0,1.0,1.0,1.0,1.0
1230,23,0.0,0.0,1.0,2.0,1.0,0.0,1.0,0.0,2.0,0.0,2.0,2.0,0.0,0.0,0.0,2.0,2.0,1.0,1.0,2.0,0.0
360,33,0.0,0.0,0.0,0.0,1.0,0.0,1.0,0.0,0.0,0.0,0.0,1.0,3.0,1.0,0.0,1.0,1.0,0.0,0.0,0.0,0.0
174,34,0.0,0.0,1.0,2.0,5.0,0.0,0.0,2.0,2.0,2.0,0.0,1.0,1.0,0.0,0.0,1.0,2.0,0.0,0.0,1.0,0.0
687,49,1.0,0.0,1.0,2.0,3.0,0.0,1.0,2.0,1.0,2.0,2.0,2.0,1.0,1.0,1.0,1.0,2.0,0.0,0.0,2.0,0.0
552,29,0.0,0.0,0.0,2.0,0.0,0.0,1.0,0.0,0.0,0.0,0.0,1.0,2.0,1.0,0.0,1.0,1.0,0.0,0.0,2.0,0.0
233,38,1.0,0.0,0.0,2.0,2.0,1.0,1.0,1.0,1.0,0.0,1.0,1.0,2.0,1.0,1.0,1.0,2.0,0.0,1.0,1.0,0.0
1192,37,1.0,0.0,0.0,0.0,2.0,1.0,1.0,1.0,0.0,0.0,0.0,1.0,1.0,0.0,0.0,1.0,2.0,0.0,2.0,0.0,0.0
1020,19,1.0,0.0,0.0,0.0,2.0,1.0,1.0,1.0,0.0,0.0,0.0,1.0,1.0,0.0,0.0,1.0,1.0,0.0,1.0,1.0,0.0
250,23,1.0,0.0,1.0,2.0,2.0,1.0,0.0,1.0,0.0,0.0,1.0,2.0,1.0,1.0,0.0,1.0,1.0,0.0,2.0,2.0,0.0
77,31,1.0,1.0,1.0,2.0,0.0,1.0,1.0,0.0,0.0,0.0,0.0,2.0,3.0,0.0,0.0,2.0,2.0,1.0,1.0,2.0,0.0
951,24,1.0,0.0,1.0,3.0,2.0,0.0,0.0,1.0,2.0,0.0,0.0,0.0,1.0,2.0,1.0,1.0,2.0,0.0,1.0,1.0,1.0
130,33,1.0,0.0,1.0,2.0,5.0,0.0,1.0,2.0,2.0,0.0,0.0,1.0,0.0,1.0,0.0,2.0,1.0,0.0,2.0,1.0,0.0
818,26,2.0,1.0,0.0,2.0,1.0,1.0,1.0,0.0,1.0,2.0,2.0,2.0,0.0,0.0,0.0,1.0,1.0,1.0,1.0,2.0,0.0
509,22,1.0,0.0,0.0,0.0,5.0,0.0,1.0,2.0,1.0,2.0,1.0,2.0,2.0,0.0,0.0,1.0,2.0,0.0,1.0,2.0,0.0
429,24,0.0,0.0,0.0,0.0,5.0,0.0,1.0,2.0,2.0,2.0,2.0,2.0,1.0,0.0,0.0,1.0,1.0,2.0,2.0,2.0,0.0
286,26,0.0,0.0,1.0,1.0,5.0,0.0,1.0,2.0,1.0,1.0,1.0,1.0,2.0,1.0,0.0,1.0,1.0,0.0,0.0,0.0,0.0
1244,32,0.0,0.0,0.0,0.0,5.0,0.0,0.0,0.0,0.0,0.0,1.0,1.0,2.0,1.0,0.0,1.0,2.0,0.0,2.0,1.0,0.0
904,51,1.0,1.0,0.0,0.0,0.0,0.0,1.0,0.0,2.0,0.0,0.0,2.0,3.0,0.0,0.0,1.0,1.0,1.0,1.0,0.0,0.0
14,27,1.0,0.0,0.0,0.0,1.0,0.0,1.0,1.0,1.0,1.0,1.0,1.0,1.0,0.0,0.0,1.0,1.0,1.0,2.0,2.0,0.0
305,26,1.0,0.0,1.0,3.0,1.0,0.0,1.0,2.0,0.0,0.0,1.0,1.0,2.0,1.0,0.0,1.0,1.0,1.0,1.0,2.0,0.0
1120,32,1.0,1.0,0.0,1.0,0.0,0.0,1.0,0.0,2.0,2.0,2.0,2.0,0.0,0.0,0.0,1.0,2.0,0.0,2.0,1.0,1.0
1119,34,1.0,0.0,0.0,0.0,0.0,1.0,1.0,0.0,2.0,0.0,0.0,1.0,2.0,2.0,2.0,0.0,0.0,0.0,0.0,0.0,0.0
114,28,1.0,0.0,0.0,0.0,5.0,0.0,1.0,1.0,0.0,0.0,1.0,1.0,2.0,1.0,0.0,1.0,0.0,0.0,1.0,0.0,0.0
885,41,1.0,0.0,1.0,0.0,4.0,1.0,0.0,1.0,0.0,0.0,0.0,1.0,2.0,1.0,0.0,0.0,0.0,0.0,0.0,0.0,0.0
1040,28,0.0,0.0,1.0,2.0,2.0,1.0,1.0,1.0,0.0,0.0,0.0,1.0,1.0,2.0,0.0,1.0,1.0,0.0,1.0,1.0,0.0
275,33,1.0,0.0,0.0,0.0,3.0,0.0,1.0,2.0,0.0,2.0,2.0,2.0,2.0,0.0,0.0,1.0,2.0,0.0,0.0,0.0,0.0
550,25,0.0,0.0,1.0,0.0,4.0,0.0,0.0,1.0,1.0,0.0,0.0,1.0,2.0,1.0,0.0,1.0,1.0,0.0,1.0,0.0,0.0
465,38,1.0,1.0,0.0,2.0,2.0,1.0,1.0,0.0,0.0,0.0,0.0,2.0,1.0,1.0,1.0,1.0,2.0,0.0,1.0,2.0,0.0
1217,42,1.0,0.0,0.0,0.0,2.0,0.0,1.0,0.0,2.0,0.0,0.0,0.0,3.0,2.0,2.0,1.0,1.0,0.0,0.0,1.0,0.0
496,36,1.0,0.0,0.0,2.0,5.0,0.0,0.0,2.0,1.0,0.0,0.0,1.0,3.0,2.0,1.0,1.0,0.0,0.0,0.0,1.0,1.0
33,42,1.0,0.0,1.0,2.0,2.0,1.0,1.0,2.0,2.0,2.0,2.0,2.0,0.0,1.0,0.0,1.0,1.0,1.0,2.0,0.0,0.0
248,32,1.0,0.0,1.0,2.0,0.0,1.0,1.0,0.0,0.0,0.0,0.0,1.0,2.0,1.0,0.0,2.0,2.0,0.0,2.0,0.0,0.0
80,38,1.0,0.0,1.0,2.0,3.0,1.0,1.0,2.0,2.0,0.0,2.0,1.0,2.0,0.0,0.0,2.0,1.0,1.0,1.0,2.0,0.0
238,37,0.0,0.0,1.0,2.0,5.0,0.0,0.0,2.0,2.0,2.0,2.0,2.0,1.0,0.0,0.0,1.0,1.0,0.0,1.0,2.0,0.0
364,75,1.0,0.0,0.0,3.0,1.0,1.0,1.0,2.0,2.0,0.0,0.0,1.0,2.0,1.0,0.0,1.0,0.0,0.0,0.0,1.0,0.0
484,48,1.0,0.0,0.0,0.0,1.0,0.0,1.0,1.0,0.0,0.0,1.0,1.0,2.0,1.0,0.0,0.0,0.0,0.0,1.0,0.0,0.0
251,28,1.0,0.0,1.0,0.0,3.0,0.0,1.0,2.0,0.0,0.0,1.0,2.0,1.0,0.0,0.0,1.0,2.0,0.0,1.0,2.0,1.0
857,24,1.0,0.0,0.0,0.0,1.0,0.0,1.0,1.0,1.0,1.0,0.0,2.0,1.0,0.0,0.0,1.0,2.0,0.0,1.0,0.0,0.0
1190,44,1.0,0.0,1.0,2.0,3.0,0.0,1.0,2.0,2.0,0.0,2.0,2.0,2.0,1.0,0.0,1.0,1.0,0.0,0.0,0.0,0.0
642,29,0.0,0.0,1.0,2.0,5.0,0.0,0.0,2.0,2.0,2.0,2.0,0.0,3.0,2.0,0.0,1.0,1.0,0.0,0.0,1.0,1.0
1155,32,1.0,1.0,0.0,0.0,1.0,1.0,1.0,1.0,1.0,0.0,0.0,1.0,0.0,0.0,0.0,2.0,2.0,1.0,1.0,2.0,0.0
874,37,1.0,0.0,1.0,0.0,4.0,0.0,0.0,2.0,2.0,0.0,0.0,2.0,0.0,1.0,0.0,0.0,0.0,0.0,0.0,1.0,0.0
729,43,1.0,1.0,0.0,2.0,0.0,1.0,1.0,0.0,0.0,0.0,0.0,2.0,4.0,2.0,0.0,2.0,0.0,0.0,1.0,1.0,1.0
651,29,1.0,0.0,1.0,0.0,3.0,0.0,1.0,1.0,1.0,1.0,1.0,1.0,2.0,1.0,1.0,0.0,0.0,0.0,0.0,1.0,0.0
24,33,1.0,0.0,1.0,1.0,2.0,0.0,1.0,2.0,1.0,1.0,2.0,2.0,2.0,0.0,0.0,2.0,2.0,0.0,2.0,0.0,0.0
942,31,0.0,0.0,1.0,2.0,4.0,0.0,1.0,2.0,2.0,0.0,1.0,2.0,1.0,1.0,0.0,1.0,2.0,0.0,0.0,2.0,0.0
671,23,1.0,0.0,1.0,2.0,1.0,0.0,1.0,1.0,1.0,0.0,1.0,1.0,2.0,1.0,0.0,0.0,0.0,0.0,1.0,0.0,0.0
240,22,1.0,0.0,0.0,0.0,1.0,0.0,1.0,1.0,0.0,0.0,0.0,1.0,2.0,0.0,0.0,1.0,2.0,1.0,1.0,1.0,0.0
725,31,1.0,0.0,0.0,0.0,3.0,1.0,1.0,0.0,0.0,0.0,0.0,0.0,2.0,0.0,0.0,1.0,1.0,0.0,1.0,1.0,0.0
970,43,1.0,0.0,0.0,2.0,5.0,1.0,1.0,0.0,1.0,0.0,0.0,1.0,4.0,2.0,1.0,0.0,0.0,0.0,1.0,1.0,1.0
297,60,1.0,0.0,0.0,0.0,5.0,0.0,1.0,2.0,0.0,1.0,2.0,1.0,2.0,0.0,0.0,1.0,2.0,1.0,1.0,2.0,0.0
149,29,0.0,0.0,0.0,0.0,3.0,1.0,1.0,1.0,1.0,0.0,1.0,1.0,2.0,1.0,0.0,0.0,1.0,0.0,1.0,0.0,0.0
1067,26,1.0,0.0,0.0,0.0,5.0,0.0,0.0,2.0,2.0,0.0,1.0,1.0,3.0,1.0,0.0,0.0,2.0,0.0,0.0,0.0,0.0
335,46,1.0,0.0,0.0,0.0,2.0,0.0,1.0,2.0,1.0,2.0,1.0,1.0,0.0,0.0,0.0,1.0,1.0,1.0,1.0,0.0,0.0
289,26,0.0,0.0,1.0,1.0,5.0,1.0,1.0,2.0,2.0,2.0,1.0,1.0,1.0,1.0,0.0,1.0,0.0,0.0,0.0,0.0,0.0
949,40,1.0,0.0,1.0,2.0,1.0,0.0,1.0,2.0,2.0,1.0,1.0,2.0,0.0,1.0,0.0,1.0,1.0,0.0,0.0,0.0,0.0
124,27,1.0,0.0,0.0,0.0,3.0,0.0,0.0,2.0,1.0,0.0,0.0,1.0,4.0,1.0,0.0,1.0,2.0,0.0,1.0,1.0,1.0
104,29,1.0,0.0,0.0,0.0,5.0,0.0,1.0,2.0,1.0,2.0,1.0,1.0,1.0,0.0,0.0,1.0,2.0,0.0,0.0,0.0,0.0
141,37,1.0,1.0,0.0,2.0,5.0,0.0,0.0,0.0,2.0,2.0,2.0,2.0,4.0,2.0,2.0,1.0,0.0,0.0,1.0,2.0,0.0
1137,41,1.0,0.0,1.0,0.0,1.0,0.0,1.0,0.0,0.0,0.0,0.0,1.0,3.0,1.0,1.0,1.0,1.0,1.0,1.0,0.0,0.0
861,26,1.0,1.0,0.0,1.0,0.0,1.0,1.0,0.0,1.0,1.0,1.0,1.0,3.0,0.0,0.0,2.0,2.0,1.0,1.0,2.0,0.0
769,28,1.0,0.0,0.0,0.0,2.0,0.0,1.0,1.0,1.0,0.0,0.0,1.0,1.0,0.0,0.0,1.0,2.0,1.0,2.0,0.0,0.0
1109,30,1.0,0.0,0.0,3.0,1.0,0.0,1.0,0.0,0.0,0.0,0.0,0.0,0.0,1.0,1.0,1.0,1.0,1.0,1.0,0.0,0.0
1181,38,1.0,0.0,1.0,2.0,5.0,0.0,0.0,2.0,2.0,2.0,2.0,2.0,2.0,1.0,0.0,1.0,0.0,0.0,1.0,1.0,1.0
591,29,1.0,0.0,1.0,2.0,2.0,0.0,1.0,1.0,0.0,0.0,0.0,0.0,3.0,2.0,0.0,1.0,1.0,0.0,1.0,0.0,0.0
410,33,1.0,0.0,1.0,3.0,5.0,1.0,1.0,2.0,2.0,0.0,0.0,1.0,1.0,2.0,0.0,0.0,0.0,0.0,0.0,1.0,0.0
82,30,1.0,0.0,0.0,0.0,2.0,0.0,0.0,0.0,0.0,0.0,0.0,1.0,2.0,0.0,0.0,1.0,2.0,0.0,0.0,1.0,0.0
1185,27,0.0,0.0,0.0,0.0,3.0,0.0,0.0,1.0,1.0,1.0,1.0,1.0,2.0,0.0,0.0,1.0,2.0,0.0,0.0,2.0,0.0
413,31,2.0,0.0,1.0,2.0,5.0,0.0,1.0,1.0,0.0,0.0,0.0,1.0,2.0,2.0,1.0,0.0,0.0,0.0,2.0,2.0,0.0
252,31,1.0,0.0,1.0,1.0,3.0,1.0,1.0,2.0,2.0,2.0,1.0,2.0,0.0,0.0,0.0,1.0,2.0,0.0,1.0,2.0,0.0
1157,31,1.0,0.0,1.0,0.0,1.0,0.0,1.0,1.0,1.0,0.0,1.0,1.0,1.0,0.0,0.0,1.0,1.0,0.0,0.0,0.0,0.0
350,29,1.0,0.0,0.0,3.0,1.0,0.0,0.0,1.0,0.0,0.0,0.0,1.0,2.0,1.0,0.0,2.0,2.0,1.0,1.0,0.0,0.0
163,26,1.0,0.0,1.0,1.0,1.0,0.0,1.0,1.0,0.0,0.0,0.0,1.0,2.0,1.0,0.0,1.0,2.0,0.0,0.0,0.0,0.0
821,35,1.0,1.0,1.0,3.0,0.0,0.0,1.0,0.0,2.0,2.0,0.0,1.0,1.0,0.0,0.0,1.0,1.0,1.0,2.0,2.0,0.0
946,45,1.0,0.0,0.0,0.0,5.0,0.0,0.0,2.0,2.0,2.0,2.0,1.0,2.0,0.0,0.0,1.0,1.0,0.0,0.0,2.0,0.0
793,35,0.0,0.0,0.0,2.0,3.0,0.0,0.0,2.0,0.0,0.0,0.0,2.0,4.0,2.0,1.0,0.0,1.0,0.0,2.0,1.0,1.0
522,35,1.0,0.0,0.0,0.0,5.0,0.0,0.0,0.0,0.0,0.0,0.0,1.0,2.0,1.0,1.0,0.0,0.0,0.0,0.0,1.0,0.0
724,33,1.0,0.0,1.0,2.0,0.0,0.0,0.0,0.0,2.0,0.0,0.0,1.0,2.0,0.0,0.0,1.0,2.0,1.0,1.0,0.0,0.0
431,24,0.0,0.0,1.0,1.0,1.0,0.0,1.0,0.0,0.0,0.0,0.0,1.0,0.0,2.0,0.0,0.0,1.0,0.0,2.0,2.0,0.0
406,33,1.0,0.0,1.0,0.0,2.0,1.0,1.0,2.0,2.0,2.0,2.0,1.0,2.0,2.0,1.0,2.0,1.0,0.0,0.0,2.0,0.0
377,25,0.0,0.0,1.0,2.0,2.0,1.0,1.0,1.0,0.0,0.0,0.0,1.0,2.0,1.0,0.0,1.0,2.0,0.0,0.0,2.0,0.0
372,55,1.0,0.0,1.0,1.0,5.0,0.0,1.0,2.0,2.0,2.0,2.0,2.0,0.0,0.0,0.0,2.0,2.0,0.0,0.0,2.0,0.0
271,23,0.0,0.0,1.0,0.0,3.0,0.0,0.0,2.0,0.0,1.0,1.0,2.0,2.0,0.0,0.0,1.0,2.0,1.0,1.0,2.0,0.0
159,25,1.0,0.0,1.0,2.0,2.0,0.0,1.0,1.0,1.0,0.0,0.0,1.0,0.0,1.0,0.0,1.0,0.0,0.0,0.0,0.0,1.0
560,65,1.0,1.0,0.0,0.0,1.0,1.0,0.0,0.0,0.0,0.0,0.0,1.0,0.0,1.0,0.0,1.0,0.0,0.0,0.0,2.0,0.0
176,28,1.0,0.0,0.0,0.0,3.0,0.0,0.0,0.0,1.0,0.0,2.0,2.0,1.0,0.0,0.0,1.0,1.0,1.0,1.0,2.0,0.0
55,27,1.0,0.0,1.0,1.0,2.0,0.0,1.0,2.0,2.0,0.0,0.0,2.0,2.0,1.0,0.0,0.0,0.0,0.0,0.0,0.0,0.0
890,42,1.0,1.0,1.0,2.0,1.0,1.0,0.0,2.0,1.0,1.0,2.0,1.0,2.0,1.0,1.0,1.0,0.0,0.0,1.0,0.0,0.0
1070,39,0.0,0.0,0.0,2.0,1.0,1.0,1.0,0.0,0.0,0.0,0.0,1.0,2.0,1.0,1.0,1.0,1.0,0.0,1.0,1.0,0.0
392,31,1.0,0.0,0.0,0.0,5.0,0.0,1.0,1.0,0.0,0.0,1.0,1.0,1.0,2.0,0.0,1.0,0.0,0.0,0.0,0.0,0.0
84,33,1.0,0.0,1.0,0.0,5.0,0.0,1.0,0.0,0.0,0.0,0.0,1.0,2.0,2.0,0.0,0.0,0.0,0.0,1.0,1.0,0.0
614,29,1.0,0.0,0.0,1.0,5.0,0.0,1.0,2.0,0.0,0.0,0.0,1.0,0.0,2.0,1.0,1.0,0.0,0.0,0.0,0.0,0.0
7,39,1.0,0.0,0.0,0.0,0.0,1.0,1.0,0.0,2.0,0.0,0.0,2.0,2.0,0.0,0.0,0.0,0.0,0.0,0.0,1.0,0.0
1034,36,1.0,0.0,0.0,0.0,3.0,0.0,0.0,1.0,0.0,0.0,1.0,1.0,2.0,2.0,1.0,0.0,0.0,0.0,1.0,0.0,1.0
28,34,1.0,0.0,0.0,2.0,2.0,1.0,1.0,1.0,1.0,0.0,1.0,1.0,3.0,0.0,0.0,1.0,0.0,0.0,0.0,1.0,0.0
85,31,1.0,0.0,0.0,0.0,2.0,0.0,1.0,1.0,1.0,0.0,0.0,1.0,2.0,0.0,0.0,1.0,2.0,1.0,1.0,1.0,0.0
167,42,1.0,0.0,0.0,0.0,1.0,0.0,1.0,0.0,2.0,0.0,0.0,1.0,4.0,1.0,0.0,2.0,2.0,0.0,1.0,1.0,0.0
178,45,0.0,0.0,0.0,2.0,0.0,0.0,1.0,2.0,0.0,0.0,0.0,2.0,3.0,0.0,0.0,2.0,2.0,0.0,0.0,2.0,0.0
733,31,1.0,0.0,0.0,0.0,2.0,0.0,0.0,2.0,2.0,2.0,2.0,2.0,2.0,0.0,0.0,2.0,2.0,0.0,0.0,0.0,0.0
633,34,0.0,0.0,0.0,2.0,3.0,1.0,1.0,2.0,2.0,0.0,1.0,1.0,1.0,1.0,0.0,1.0,2.0,0.0,0.0,2.0,0.0
603,30,0.0,1.0,1.0,3.0,0.0,1.0,0.0,0.0,2.0,0.0,2.0,2.0,3.0,0.0,0.0,2.0,2.0,0.0,0.0,2.0,0.0
264,43,1.0,1.0,0.0,0.0,1.0,1.0,1.0,0.0,1.0,0.0,0.0,1.0,1.0,1.0,0.0,2.0,2.0,2.0,2.0,0.0,0.0
955,33,1.0,0.0,1.0,3.0,2.0,0.0,1.0,1.0,1.0,2.0,0.0,2.0,1.0,0.0,0.0,1.0,2.0,2.0,2.0,2.0,0.0
1159,51,1.0,0.0,0.0,0.0,5.0,1.0,1.0,1.0,0.0,0.0,1.0,1.0,2.0,2.0,0.0,0.0,0.0,0.0,0.0,1.0,0.0
575,37,1.0,0.0,1.0,0.0,2.0,0.0,1.0,1.0,0.0,0.0,1.0,1.0,1.0,0.0,0.0,2.0,2.0,0.0,0.0,2.0,0.0
1130,42,0.0,0.0,1.0,2.0,2.0,0.0,0.0,2.0,2.0,0.0,0.0,1.0,2.0,2.0,0.0,1.0,1.0,0.0,2.0,1.0,0.0
665,30,1.0,0.0,0.0,2.0,2.0,1.0,1.0,0.0,0.0,1.0,0.0,1.0,4.0,1.0,1.0,1.0,0.0,0.0,0.0,1.0,0.0
52,31,1.0,0.0,0.0,0.0,3.0,1.0,1.0,1.0,0.0,1.0,1.0,1.0,2.0,1.0,1.0,1.0,1.0,1.0,1.0,0.0,0.0
523,25,1.0,0.0,1.0,1.0,2.0,1.0,1.0,1.0,1.0,1.0,1.0,1.0,2.0,1.0,2.0,0.0,0.0,0.0,0.0,0.0,1.0
145,37,1.0,0.0,1.0,1.0,3.0,0.0,0.0,2.0,2.0,2.0,2.0,1.0,1.0,1.0,1.0,1.0,2.0,1.0,1.0,0.0,0.0
420,28,1.0,0.0,1.0,1.0,0.0,1.0,1.0,2.0,0.0,0.0,0.0,2.0,0.0,0.0,0.0,2.0,2.0,0.0,0.0,2.0,0.0
311,35,1.0,0.0,0.0,1.0,3.0,0.0,1.0,2.0,1.0,1.0,2.0,1.0,2.0,0.0,0.0,1.0,2.0,0.0,0.0,0.0,0.0
1256,34,1.0,0.0,1.0,2.0,5.0,0.0,1.0,2.0,2.0,0.0,0.0,1.0,3.0,2.0,2.0,0.0,0.0,0.0,0.0,1.0,0.0
895,51,1.0,0.0,0.0,0.0,3.0,0.0,0.0,1.0,1.0,0.0,1.0,1.0,3.0,0.0,0.0,1.0,2.0,0.0,0.0,0.0,0.0
281,27,1.0,0.0,0.0,0.0,1.0,0.0,1.0,0.0,0.0,0.0,0.0,2.0,2.0,2.0,0.0,0.0,0.0,0.0,1.0,0.0,0.0
772,32,1.0,0.0,0.0,0.0,5.0,0.0,0.0,1.0,1.0,0.0,1.0,1.0,2.0,1.0,0.0,1.0,1.0,0.0,2.0,0.0,0.0
1199,25,1.0,0.0,0.0,0.0,3.0,0.0,1.0,1.0,1.0,0.0,1.0,1.0,2.0,1.0,0.0,1.0,2.0,0.0,0.0,0.0,0.0
673,26,0.0,0.0,1.0,0.0,3.0,0.0,1.0,1.0,0.0,1.0,1.0,1.0,2.0,1.0,0.0,1.0,0.0,0.0,0.0,2.0,0.0
21,31,1.0,1.0,0.0,0.0,0.0,1.0,1.0,0.0,0.0,0.0,0.0,2.0,3.0,0.0,0.0,1.0,1.0,0.0,1.0,2.0,0.0
181,26,0.0,1.0,0.0,2.0,1.0,0.0,0.0,0.0,0.0,0.0,0.0,1.0,1.0,1.0,1.0,1.0,1.0,0.0,0.0,0.0,0.0
662,32,1.0,0.0,0.0,0.0,5.0,0.0,1.0,1.0,1.0,1.0,1.0,1.0,2.0,1.0,1.0,1.0,1.0,0.0,0.0,0.0,0.0
625,28,0.0,0.0,1.0,1.0,4.0,0.0,1.0,2.0,2.0,2.0,2.0,1.0,3.0,1.0,0.0,0.0,1.0,0.0,0.0,1.0,0.0
719,27,1.0,0.0,0.0,0.0,2.0,0.0,1.0,2.0,1.0,0.0,1.0,1.0,2.0,0.0,0.0,2.0,2.0,0.0,0.0,0.0,0.0
1035,35,1.0,0.0,1.0,2.0,1.0,1.0,1.0,0.0,2.0,0.0,0.0,1.0,2.0,1.0,0.0,0.0,1.0,0.0,0.0,0.0,0.0
549,30,1.0,0.0,0.0,3.0,2.0,0.0,1.0,0.0,0.0,1.0,0.0,1.0,1.0,1.0,0.0,1.0,1.0,1.0,2.0,0.0,0.0
359,29,1.0,1.0,0.0,0.0,0.0,1.0,1.0,0.0,2.0,0.0,0.0,2.0,0.0,0.0,0.0,2.0,2.0,1.0,1.0,2.0,0.0
779,31,0.0,0.0,0.0,0.0,1.0,0.0,1.0,1.0,0.0,0.0,0.0,1.0,2.0,0.0,0.0,2.0,2.0,1.0,1.0,0.0,0.0
840,43,1.0,0.0,0.0,2.0,5.0,0.0,0.0,1.0,0.0,0.0,1.0,1.0,4.0,1.0,0.0,1.0,2.0,0.0,0.0,0.0,0.0
1094,37,1.0,0.0,0.0,2.0,3.0,0.0,1.0,2.0,0.0,0.0,2.0,2.0,0.0,0.0,0.0,0.0,2.0,0.0,0.0,2.0,0.0
45,38,0.0,0.0,1.0,2.0,2.0,0.0,1.0,2.0,2.0,0.0,2.0,2.0,1.0,0.0,0.0,1.0,2.0,0.0,0.0,2.0,0.0
842,31,0.0,0.0,1.0,2.0,3.0,0.0,1.0,2.0,2.0,0.0,0.0,1.0,3.0,0.0,0.0,2.0,2.0,1.0,1.0,0.0,0.0
555,32,0.0,0.0,0.0,3.0,5.0,0.0,0.0,1.0,1.0,1.0,1.0,1.0,2.0,1.0,0.0,1.0,1.0,0.0,0.0,0.0,0.0
914,25,0.0,0.0,1.0,2.0,1.0,0.0,1.0,2.0,2.0,0.0,0.0,2.0,1.0,0.0,0.0,1.0,2.0,0.0,0.0,0.0,0.0
1247,36,1.0,0.0,0.0,3.0,1.0,0.0,1.0,0.0,0.0,0.0,0.0,0.0,4.0,2.0,0.0,1.0,0.0,0.0,1.0,0.0,1.0
1242,28,1.0,0.0,0.0,1.0,2.0,0.0,1.0,1.0,0.0,0.0,1.0,1.0,2.0,1.0,0.0,0.0,0.0,0.0,1.0,0.0,0.0
595,23,1.0,0.0,0.0,1.0,3.0,0.0,1.0,2.0,1.0,1.0,1.0,1.0,2.0,0.0,0.0,1.0,1.0,0.0,0.0,2.0,0.0
712,30,1.0,0.0,1.0,0.0,3.0,0.0,1.0,1.0,0.0,0.0,1.0,1.0,0.0,0.0,0.0,1.0,2.0,0.0,1.0,0.0,0.0
463,26,0.0,0.0,1.0,0.0,2.0,0.0,1.0,1.0,1.0,0.0,0.0,1.0,3.0,1.0,1.0,1.0,0.0,0.0,1.0,1.0,0.0
175,31,1.0,0.0,0.0,0.0,2.0,0.0,1.0,1.0,1.0,0.0,1.0,1.0,2.0,1.0,0.0,0.0,1.0,0.0,1.0,0.0,0.0
49,30,1.0,0.0,1.0,1.0,2.0,0.0,1.0,2.0,0.0,0.0,1.0,1.0,2.0,1.0,0.0,1.0,2.0,0.0,0.0,0.0,0.0
1166,29,1.0,0.0,1.0,2.0,2.0,0.0,0.0,2.0,2.0,2.0,2.0,1.0,2.0,1.0,0.0,1.0,0.0,0.0,1.0,0.0,0.0
1241,31,1.0,1.0,0.0,3.0,1.0,1.0,1.0,0.0,0.0,0.0,0.0,1.0,1.0,1.0,0.0,1.0,0.0,0.0,0.0,0.0,0.0
531,31,1.0,0.0,0.0,1.0,3.0,0.0,1.0,2.0,2.0,2.0,2.0,1.0,1.0,0.0,0.0,2.0,2.0,2.0,2.0,1.0,0.0
638,35,1.0,1.0,0.0,0.0,0.0,1.0,1.0,2.0,1.0,0.0,0.0,2.0,0.0,0.0,0.0,1.0,2.0,0.0,0.0,2.0,0.0
166,34,1.0,0.0,0.0,0.0,2.0,0.0,1.0,0.0,0.0,0.0,0.0,1.0,0.0,1.0,0.0,1.0,1.0,0.0,1.0,0.0,0.0
1123,45,0.0,0.0,0.0,1.0,2.0,0.0,0.0,1.0,0.0,1.0,1.0,1.0,2.0,0.0,0.0,1.0,1.0,0.0,1.0,0.0,0.0
441,36,1.0,0.0,0.0,1.0,5.0,1.0,1.0,2.0,0.0,2.0,1.0,1.0,1.0,1.0,0.0,0.0,0.0,0.0,0.0,0.0,0.0
322,32,1.0,0.0,0.0,0.0,4.0,0.0,1.0,2.0,1.0,1.0,2.0,2.0,1.0,0.0,0.0,1.0,2.0,1.0,1.0,2.0,0.0
215,27,0.0,1.0,1.0,2.0,0.0,1.0,1.0,0.0,0.0,1.0,1.0,1.0,4.0,0.0,0.0,1.0,0.0,0.0,0.0,0.0,0.0
1091,43,1.0,0.0,1.0,0.0,3.0,0.0,0.0,2.0,2.0,0.0,1.0,1.0,1.0,1.0,0.0,1.0,1.0,0.0,1.0,1.0,0.0
1069,34,1.0,0.0,0.0,0.0,2.0,1.0,1.0,0.0,0.0,0.0,0.0,1.0,4.0,2.0,1.0,1.0,0.0,0.0,1.0,1.0,0.0
755,29,0.0,0.0,1.0,2.0,2.0,1.0,0.0,1.0,0.0,0.0,1.0,1.0,2.0,1.0,0.0,1.0,2.0,0.0,1.0,0.0,0.0
543,28,0.0,0.0,1.0,3.0,3.0,1.0,1.0,2.0,0.0,0.0,1.0,1.0,2.0,2.0,2.0,1.0,1.0,0.0,0.0,1.0,1.0
647,30,1.0,0.0,0.0,2.0,2.0,0.0,1.0,0.0,0.0,0.0,0.0,1.0,0.0,0.0,0.0,1.0,1.0,0.0,0.0,0.0,0.0
415,30,1.0,0.0,1.0,3.0,1.0,0.0,1.0,1.0,0.0,0.0,1.0,1.0,1.0,1.0,0.0,1.0,2.0,0.0,0.0,0.0,0.0
106,35,1.0,0.0,1.0,2.0,2.0,1.0,1.0,1.0,1.0,0.0,0.0,1.0,1.0,0.0,0.0,1.0,2.0,0.0,1.0,1.0,0.0
310,25,1.0,0.0,0.0,3.0,1.0,1.0,0.0,1.0,0.0,0.0,1.0,1.0,3.0,2.0,1.0,0.0,0.0,0.0,1.0,0.0,0.0
997,31,0.0,0.0,1.0,0.0,5.0,0.0,0.0,2.0,1.0,0.0,1.0,1.0,2.0,2.0,2.0,0.0,0.0,0.0,0.0,0.0,0.0
875,30,1.0,1.0,1.0,2.0,1.0,1.0,1.0,1.0,1.0,0.0,1.0,1.0,4.0,2.0,0.0,0.0,0.0,0.0,1.0,0.0,0.0
1127,15,2.0,1.0,1.0,3.0,0.0,1.0,1.0,2.0,2.0,2.0,2.0,2.0,0.0,2.0,2.0,2.0,2.0,2.0,2.0,2.0,1.0
521,23,0.0,0.0,0.0,0.0,5.0,0.0,0.0,1.0,1.0,1.0,1.0,2.0,2.0,1.0,1.0,1.0,1.0,0.0,0.0,0.0,0.0
859,32,1.0,0.0,1.0,1.0,1.0,0.0,0.0,0.0,0.0,0.0,0.0,0.0,2.0,2.0,1.0,1.0,0.0,0.0,0.0,1.0,0.0
1139,21,1.0,0.0,0.0,2.0,5.0,0.0,0.0,1.0,0.0,0.0,1.0,1.0,2.0,1.0,0.0,1.0,0.0,0.0,0.0,0.0,0.0
1008,39,1.0,0.0,1.0,2.0,1.0,1.0,1.0,0.0,2.0,0.0,0.0,2.0,1.0,0.0,0.0,1.0,2.0,1.0,2.0,2.0,0.0
1037,44,1.0,0.0,0.0,0.0,5.0,1.0,0.0,1.0,0.0,1.0,1.0,2.0,2.0,2.0,0.0,1.0,0.0,0.0,0.0,1.0,0.0
957,34,1.0,1.0,1.0,1.0,0.0,1.0,1.0,2.0,2.0,2.0,2.0,2.0,0.0,0.0,0.0,2.0,1.0,0.0,1.0,2.0,0.0
1006,38,1.0,0.0,1.0,2.0,3.0,1.0,0.0,2.0,2.0,0.0,2.0,2.0,0.0,0.0,0.0,2.0,2.0,2.0,2.0,0.0,0.0
723,25,1.0,0.0,1.0,0.0,1.0,1.0,1.0,1.0,0.0,2.0,1.0,1.0,2.0,2.0,0.0,1.0,2.0,0.0,0.0,1.0,0.0
924,33,1.0,0.0,1.0,0.0,4.0,0.0,1.0,2.0,0.0,1.0,1.0,1.0,0.0,0.0,0.0,2.0,2.0,2.0,2.0,2.0,0.0
1255,32,1.0,0.0,1.0,3.0,2.0,1.0,1.0,2.0,2.0,0.0,0.0,2.0,3.0,0.0,0.0,1.0,2.0,0.0,0.0,2.0,0.0
190,38,0.0,1.0,1.0,3.0,0.0,1.0,1.0,0.0,2.0,0.0,0.0,2.0,1.0,1.0,1.0,1.0,1.0,0.0,1.0,0.0,1.0
623,23,0.0,0.0,1.0,2.0,5.0,0.0,1.0,2.0,2.0,2.0,2.0,2.0,1.0,2.0,1.0,0.0,0.0,0.0,0.0,0.0,0.0
81,23,1.0,0.0,0.0,0.0,2.0,0.0,1.0,2.0,1.0,2.0,1.0,1.0,0.0,0.0,0.0,1.0,2.0,1.0,1.0,2.0,0.0
1133,27,1.0,0.0,0.0,1.0,2.0,0.0,1.0,0.0,2.0,0.0,2.0,0.0,3.0,2.0,0.0,0.0,0.0,0.0,1.0,1.0,1.0
202,41,1.0,0.0,0.0,3.0,1.0,1.0,1.0,0.0,1.0,0.0,0.0,1.0,4.0,1.0,1.0,1.0,1.0,1.0,1.0,0.0,0.0
208,24,1.0,0.0,0.0,0.0,2.0,0.0,1.0,1.0,1.0,0.0,1.0,1.0,2.0,0.0,0.0,1.0,2.0,0.0,0.0,0.0,0.0
1150,32,1.0,0.0,0.0,2.0,5.0,0.0,1.0,2.0,2.0,2.0,2.0,2.0,3.0,1.0,1.0,1.0,1.0,0.0,0.0,0.0,1.0
34,40,0.0,0.0,0.0,2.0,0.0,0.0,1.0,2.0,2.0,0.0,0.0,1.0,2.0,1.0,0.0,1.0,0.0,0.0,1.0,2.0,0.0
257,42,1.0,0.0,0.0,0.0,1.0,1.0,1.0,0.0,2.0,0.0,2.0,1.0,1.0,0.0,0.0,1.0,2.0,0.0,0.0,2.0,0.0
1161,31,1.0,0.0,0.0,0.0,3.0,0.0,1.0,2.0,0.0,0.0,2.0,1.0,2.0,1.0,2.0,1.0,0.0,0.0,0.0,2.0,0.0
617,35,1.0,0.0,1.0,1.0,3.0,1.0,0.0,2.0,2.0,0.0,0.0,2.0,4.0,2.0,0.0,1.0,0.0,0.0,1.0,1.0,0.0
259,25,1.0,0.0,1.0,3.0,1.0,0.0,1.0,0.0,2.0,0.0,0.0,0.0,4.0,2.0,1.0,0.0,0.0,0.0,2.0,1.0,1.0
18,46,1.0,1.0,1.0,2.0,0.0,1.0,1.0,2.0,1.0,2.0,1.0,2.0,0.0,0.0,0.0,2.0,2.0,0.0,2.0,2.0,1.0
512,29,1.0,0.0,0.0,0.0,5.0,0.0,1.0,1.0,1.0,0.0,1.0,1.0,2.0,1.0,0.0,0.0,0.0,0.0,1.0,0.0,0.0
680,33,1.0,0.0,0.0,1.0,2.0,1.0,1.0,0.0,0.0,0.0,0.0,1.0,1.0,1.0,0.0,1.0,1.0,0.0,1.0,0.0,1.0
218,29,0.0,0.0,0.0,0.0,4.0,0.0,0.0,2.0,0.0,0.0,1.0,1.0,3.0,1.0,0.0,1.0,0.0,0.0,0.0,0.0,0.0
1141,29,1.0,0.0,0.0,1.0,5.0,0.0,1.0,1.0,1.0,1.0,1.0,1.0,2.0,1.0,1.0,0.0,0.0,0.0,2.0,0.0,1.0
658,30,1.0,0.0,1.0,2.0,5.0,0.0,1.0,2.0,2.0,0.0,1.0,2.0,2.0,1.0,0.0,1.0,2.0,0.0,2.0,2.0,0.0
825,48,0.0,0.0,1.0,3.0,2.0,0.0,1.0,1.0,0.0,0.0,0.0,0.0,4.0,2.0,2.0,0.0,1.0,0.0,0.0,1.0,1.0
198,27,1.0,0.0,1.0,0.0,1.0,1.0,1.0,2.0,2.0,0.0,0.0,1.0,1.0,1.0,1.0,1.0,1.0,0.0,1.0,2.0,0.0
1228,25,1.0,0.0,1.0,2.0,2.0,0.0,1.0,1.0,2.0,0.0,0.0,1.0,1.0,2.0,0.0,1.0,1.0,0.0,1.0,0.0,0.0
5,33,1.0,0.0,1.0,2.0,1.0,0.0,1.0,2.0,1.0,0.0,1.0,1.0,2.0,0.0,0.0,2.0,2.0,0.0,1.0,0.0,0.0
809,41,1.0,0.0,1.0,2.0,5.0,0.0,1.0,2.0,2.0,0.0,2.0,1.0,2.0,1.0,0.0,1.0,1.0,0.0,1.0,1.0,0.0
1136,25,1.0,0.0,1.0,2.0,2.0,1.0,1.0,0.0,0.0,0.0,0.0,2.0,0.0,0.0,0.0,1.0,2.0,0.0,1.0,2.0,0.0
25,35,1.0,0.0,1.0,2.0,5.0,0.0,0.0,2.0,2.0,0.0,1.0,0.0,0.0,2.0,0.0,1.0,2.0,0.0,2.0,1.0,0.0
1085,37,1.0,0.0,0.0,0.0,1.0,0.0,1.0,1.0,0.0,0.0,0.0,2.0,0.0,0.0,0.0,2.0,2.0,1.0,1.0,2.0,0.0
689,27,0.0,0.0,0.0,2.0,1.0,1.0,1.0,1.0,1.0,2.0,1.0,2.0,0.0,0.0,0.0,2.0,2.0,1.0,1.0,2.0,0.0
846,34,1.0,0.0,0.0,2.0,3.0,0.0,1.0,1.0,0.0,2.0,1.0,2.0,2.0,1.0,0.0,1.0,0.0,0.0,0.0,0.0,0.0
110,22,1.0,0.0,0.0,2.0,4.0,0.0,1.0,2.0,2.0,0.0,1.0,2.0,2.0,2.0,0.0,0.0,0.0,0.0,2.0,1.0,0.0
1177,29,1.0,0.0,0.0,0.0,2.0,0.0,1.0,0.0,0.0,0.0,1.0,1.0,2.0,0.0,0.0,1.0,2.0,0.0,2.0,1.0,1.0
477,23,1.0,1.0,1.0,3.0,2.0,1.0,1.0,1.0,0.0,1.0,1.0,1.0,2.0,0.0,1.0,2.0,2.0,1.0,2.0,0.0,0.0
917,34,1.0,1.0,0.0,2.0,0.0,1.0,1.0,0.0,0.0,0.0,0.0,2.0,3.0,0.0,0.0,1.0,1.0,0.0,0.0,2.0,0.0
342,27,1.0,0.0,0.0,2.0,5.0,0.0,1.0,1.0,1.0,1.0,1.0,1.0,0.0,2.0,0.0,0.0,0.0,0.0,1.0,1.0,0.0
276,34,1.0,0.0,0.0,0.0,2.0,0.0,0.0,2.0,0.0,0.0,0.0,1.0,2.0,1.0,0.0,1.0,0.0,0.0,0.0,0.0,0.0
930,35,0.0,0.0,1.0,2.0,1.0,0.0,0.0,2.0,1.0,2.0,2.0,2.0,3.0,1.0,1.0,1.0,2.0,0.0,1.0,2.0,0.0
27,35,0.0,0.0,1.0,1.0,1.0,1.0,1.0,2.0,2.0,1.0,1.0,1.0,2.0,0.0,0.0,2.0,2.0,1.0,1.0,2.0,0.0
391,40,0.0,0.0,1.0,1.0,5.0,0.0,0.0,2.0,0.0,1.0,1.0,1.0,1.0,1.0,1.0,0.0,0.0,0.0,0.0,0.0,0.0
1249,30,1.0,0.0,1.0,2.0,2.0,0.0,1.0,2.0,2.0,1.0,0.0,2.0,0.0,0.0,0.0,2.0,2.0,1.0,1.0,2.0,0.0
727,30,1.0,0.0,1.0,2.0,2.0,0.0,1.0,1.0,0.0,0.0,0.0,0.0,4.0,2.0,2.0,0.0,0.0,0.0,0.0,1.0,0.0
1125,26,1.0,1.0,1.0,3.0,0.0,0.0,1.0,0.0,0.0,0.0,0.0,1.0,2.0,1.0,0.0,2.0,2.0,1.0,2.0,1.0,1.0
526,24,1.0,1.0,0.0,2.0,0.0,0.0,1.0,2.0,2.0,1.0,1.0,2.0,1.0,0.0,0.0,1.0,1.0,1.0,1.0,2.0,0.0
1050,26,0.0,0.0,1.0,2.0,5.0,0.0,1.0,2.0,2.0,0.0,0.0,1.0,2.0,0.0,0.0,1.0,2.0,0.0,1.0,1.0,1.0
1160,29,1.0,0.0,0.0,2.0,2.0,0.0,1.0,2.0,2.0,0.0,0.0,1.0,2.0,2.0,0.0,1.0,1.0,0.0,1.0,0.0,0.0
39,35,1.0,0.0,0.0,1.0,5.0,1.0,1.0,2.0,2.0,0.0,2.0,2.0,0.0,0.0,0.0,2.0,2.0,1.0,1.0,2.0,0.0
437,20,1.0,0.0,0.0,0.0,3.0,1.0,1.0,1.0,1.0,1.0,1.0,2.0,0.0,0.0,0.0,1.0,2.0,0.0,0.0,0.0,0.0
143,15,1.0,0.0,0.0,0.0,5.0,1.0,0.0,2.0,0.0,1.0,2.0,1.0,2.0,0.0,0.0,1.0,2.0,0.0,0.0,0.0,0.0
1099,43,1.0,0.0,0.0,0.0,4.0,0.0,1.0,1.0,0.0,0.0,1.0,1.0,2.0,0.0,0.0,2.0,1.0,0.0,0.0,2.0,0.0
1084,32,1.0,0.0,1.0,2.0,0.0,0.0,0.0,2.0,2.0,2.0,2.0,2.0,1.0,1.0,1.0,1.0,1.0,0.0,1.0,1.0,0.0
1055,39,1.0,0.0,1.0,2.0,4.0,0.0,1.0,2.0,2.0,0.0,1.0,2.0,0.0,0.0,0.0,1.0,2.0,0.0,0.0,2.0,0.0
1171,30,1.0,0.0,0.0,0.0,5.0,0.0,0.0,2.0,0.0,2.0,2.0,1.0,2.0,2.0,1.0,0.0,0.0,0.0,0.0,0.0,0.0
1165,32,1.0,0.0,1.0,2.0,5.0,0.0,1.0,2.0,0.0,2.0,1.0,1.0,2.0,1.0,0.0,2.0,2.0,0.0,0.0,0.0,0.0
1222,41,0.0,1.0,0.0,1.0,0.0,1.0,1.0,1.0,2.0,1.0,2.0,0.0,1.0,0.0,0.0,2.0,2.0,2.0,2.0,2.0,0.0
810,29,1.0,0.0,0.0,0.0,1.0,0.0,1.0,1.0,0.0,0.0,0.0,1.0,2.0,1.0,0.0,1.0,0.0,0.0,1.0,0.0,0.0
1226,39,1.0,0.0,0.0,0.0,5.0,0.0,0.0,2.0,1.0,2.0,1.0,1.0,1.0,1.0,1.0,0.0,1.0,0.0,0.0,2.0,0.0
916,30,1.0,1.0,0.0,0.0,0.0,1.0,1.0,0.0,2.0,0.0,0.0,2.0,1.0,1.0,1.0,1.0,1.0,1.0,1.0,0.0,0.0
1073,25,1.0,0.0,0.0,0.0,5.0,0.0,0.0,1.0,0.0,0.0,0.0,1.0,2.0,0.0,0.0,1.0,2.0,0.0,0.0,0.0,0.0
383,25,1.0,0.0,1.0,3.0,2.0,1.0,1.0,0.0,0.0,0.0,0.0,2.0,1.0,0.0,0.0,2.0,2.0,0.0,2.0,1.0,0.0
108,34,1.0,0.0,1.0,0.0,1.0,1.0,1.0,2.0,0.0,0.0,0.0,1.0,2.0,1.0,0.0,0.0,0.0,0.0,0.0,0.0,0.0
458,32,1.0,0.0,0.0,0.0,1.0,0.0,1.0,0.0,0.0,0.0,0.0,1.0,2.0,1.0,0.0,1.0,0.0,0.0,2.0,2.0,0.0
201,34,0.0,0.0,0.0,2.0,4.0,0.0,0.0,2.0,2.0,2.0,2.0,2.0,1.0,1.0,0.0,1.0,2.0,0.0,0.0,2.0,0.0
249,29,0.0,0.0,1.0,1.0,4.0,1.0,0.0,2.0,2.0,2.0,1.0,2.0,2.0,1.0,0.0,1.0,0.0,1.0,2.0,0.0,0.0
1025,42,1.0,0.0,1.0,2.0,1.0,1.0,1.0,1.0,0.0,0.0,1.0,1.0,2.0,1.0,1.0,1.0,1.0,0.0,0.0,0.0,0.0
1229,39,1.0,0.0,0.0,0.0,1.0,1.0,1.0,0.0,0.0,0.0,0.0,2.0,2.0,2.0,0.0,0.0,0.0,0.0,0.0,0.0,0.0
369,21,1.0,0.0,0.0,2.0,1.0,0.0,0.0,1.0,1.0,0.0,0.0,0.0,0.0,2.0,0.0,1.0,0.0,0.0,1.0,1.0,0.0
931,34,1.0,0.0,0.0,3.0,0.0,0.0,1.0,1.0,0.0,0.0,2.0,1.0,0.0,0.0,0.0,1.0,2.0,0.0,1.0,2.0,0.0
26,33,1.0,0.0,0.0,0.0,0.0,0.0,1.0,1.0,1.0,0.0,1.0,1.0,2.0,1.0,1.0,1.0,0.0,0.0,0.0,0.0,0.0
869,43,1.0,1.0,0.0,0.0,5.0,1.0,1.0,1.0,0.0,0.0,1.0,1.0,2.0,0.0,0.0,1.0,2.0,0.0,1.0,0.0,0.0
435,28,1.0,0.0,0.0,0.0,1.0,0.0,1.0,1.0,0.0,0.0,1.0,1.0,2.0,0.0,0.0,1.0,2.0,0.0,0.0,0.0,0.0
829,35,1.0,0.0,1.0,2.0,0.0,0.0,0.0,0.0,2.0,0.0,0.0,2.0,2.0,0.0,0.0,1.0,2.0,0.0,0.0,2.0,0.0
564,40,1.0,0.0,0.0,0.0,2.0,0.0,1.0,0.0,0.0,0.0,0.0,1.0,3.0,0.0,0.0,1.0,1.0,0.0,0.0,1.0,0.0
972,40,1.0,0.0,1.0,1.0,1.0,0.0,1.0,1.0,1.0,0.0,1.0,1.0,2.0,0.0,0.0,2.0,2.0,0.0,1.0,0.0,0.0
374,21,0.0,0.0,1.0,1.0,2.0,0.0,1.0,1.0,1.0,1.0,0.0,1.0,1.0,2.0,0.0,1.0,0.0,0.0,2.0,0.0,0.0
786,32,1.0,1.0,1.0,0.0,0.0,0.0,1.0,0.0,2.0,0.0,0.0,2.0,1.0,0.0,0.0,0.0,2.0,0.0,1.0,1.0,0.0
1063,25,1.0,0.0,0.0,3.0,1.0,1.0,1.0,1.0,0.0,0.0,0.0,1.0,1.0,1.0,0.0,1.0,0.0,0.0,1.0,0.0,0.0
349,25,2.0,0.0,1.0,2.0,5.0,0.0,1.0,2.0,2.0,1.0,1.0,1.0,2.0,1.0,0.0,1.0,1.0,0.0,0.0,2.0,0.0
424,28,0.0,0.0,0.0,1.0,5.0,0.0,0.0,2.0,2.0,0.0,1.0,1.0,2.0,1.0,0.0,0.0,0.0,0.0,0.0,0.0,0.0
1106,50,1.0,1.0,0.0,2.0,2.0,1.0,1.0,0.0,0.0,0.0,0.0,1.0,2.0,1.0,1.0,1.0,2.0,0.0,0.0,0.0,0.0
449,37,1.0,0.0,1.0,1.0,5.0,0.0,0.0,2.0,2.0,2.0,2.0,1.0,2.0,1.0,1.0,1.0,1.0,0.0,0.0,0.0,0.0
947,43,1.0,0.0,0.0,1.0,5.0,0.0,1.0,2.0,2.0,2.0,2.0,1.0,1.0,0.0,0.0,2.0,2.0,1.0,2.0,2.0,0.0
1194,27,1.0,0.0,0.0,0.0,2.0,0.0,1.0,1.0,1.0,0.0,0.0,1.0,2.0,0.0,0.0,1.0,2.0,2.0,2.0,0.0,0.0
1113,25,1.0,0.0,1.0,2.0,0.0,1.0,1.0,1.0,0.0,1.0,1.0,1.0,0.0,0.0,0.0,2.0,2.0,1.0,2.0,0.0,0.0
803,30,0.0,0.0,0.0,0.0,5.0,0.0,1.0,2.0,2.0,2.0,2.0,2.0,0.0,0.0,0.0,1.0,0.0,0.0,0.0,2.0,0.0
1252,29,1.0,0.0,1.0,2.0,3.0,1.0,1.0,2.0,2.0,2.0,0.0,2.0,2.0,2.0,0.0,1.0,0.0,0.0,1.0,1.0,0.0
823,34,1.0,0.0,0.0,0.0,5.0,1.0,1.0,1.0,1.0,1.0,1.0,1.0,2.0,0.0,0.0,1.0,2.0,0.0,1.0,2.0,0.0
1081,29,1.0,0.0,1.0,3.0,0.0,0.0,1.0,1.0,1.0,1.0,2.0,1.0,4.0,0.0,1.0,2.0,2.0,1.0,0.0,2.0,0.0
830,29,1.0,0.0,1.0,2.0,5.0,1.0,0.0,2.0,2.0,0.0,2.0,2.0,0.0,1.0,0.0,1.0,0.0,0.0,0.0,2.0,0.0
1202,31,1.0,1.0,0.0,0.0,0.0,0.0,1.0,0.0,2.0,0.0,0.0,0.0,2.0,0.0,0.0,2.0,2.0,0.0,1.0,0.0,0.0
87,34,0.0,0.0,1.0,1.0,4.0,1.0,1.0,2.0,1.0,0.0,1.0,1.0,2.0,2.0,1.0,1.0,1.0,0.0,0.0,0.0,0.0
1066,34,1.0,0.0,0.0,0.0,1.0,1.0,1.0,2.0,1.0,1.0,1.0,1.0,1.0,1.0,1.0,0.0,1.0,0.0,1.0,0.0,0.0
1062,44,1.0,1.0,0.0,0.0,0.0,1.0,1.0,1.0,0.0,0.0,0.0,2.0,3.0,0.0,0.0,0.0,0.0,0.0,0.0,0.0,0.0
551,32,1.0,0.0,0.0,2.0,1.0,0.0,1.0,0.0,0.0,0.0,0.0,1.0,0.0,0.0,0.0,1.0,2.0,1.0,2.0,0.0,0.0
79,28,1.0,0.0,0.0,0.0,1.0,1.0,1.0,1.0,0.0,1.0,1.0,1.0,0.0,0.0,0.0,1.0,1.0,1.0,2.0,2.0,0.0
519,34,1.0,0.0,1.0,3.0,2.0,0.0,1.0,0.0,2.0,0.0,0.0,2.0,0.0,1.0,1.0,2.0,2.0,0.0,0.0,1.0,0.0
771,33,1.0,1.0,1.0,2.0,0.0,1.0,1.0,0.0,2.0,0.0,0.0,2.0,0.0,1.0,1.0,2.0,2.0,0.0,0.0,2.0,0.0
963,24,1.0,1.0,1.0,3.0,0.0,1.0,1.0,1.0,1.0,0.0,0.0,1.0,2.0,1.0,0.0,1.0,1.0,0.0,1.0,0.0,0.0
652,54,1.0,1.0,1.0,2.0,0.0,1.0,1.0,1.0,1.0,0.0,0.0,1.0,0.0,0.0,0.0,1.0,2.0,2.0,2.0,0.0,1.0
657,32,1.0,1.0,0.0,0.0,0.0,1.0,1.0,0.0,0.0,0.0,0.0,1.0,2.0,0.0,0.0,1.0,2.0,0.0,1.0,0.0,0.0
1224,24,1.0,0.0,1.0,2.0,5.0,0.0,1.0,2.0,2.0,0.0,2.0,1.0,1.0,1.0,0.0,1.0,0.0,0.0,1.0,2.0,1.0
1049,39,1.0,1.0,1.0,2.0,0.0,1.0,1.0,0.0,2.0,2.0,2.0,2.0,3.0,0.0,0.0,2.0,2.0,0.0,1.0,2.0,1.0
954,38,1.0,0.0,0.0,0.0,1.0,0.0,1.0,0.0,0.0,0.0,0.0,2.0,2.0,1.0,0.0,1.0,2.0,1.0,1.0,0.0,0.0
745,30,1.0,1.0,0.0,2.0,2.0,1.0,1.0,1.0,1.0,1.0,1.0,1.0,2.0,0.0,0.0,1.0,1.0,0.0,2.0,0.0,0.0
592,19,1.0,0.0,1.0,2.0,0.0,0.0,1.0,0.0,0.0,0.0,0.0,1.0,2.0,1.0,1.0,1.0,0.0,0.0,1.0,0.0,0.0
168,23,1.0,1.0,1.0,2.0,0.0,0.0,1.0,0.0,0.0,0.0,0.0,1.0,4.0,2.0,0.0,0.0,0.0,0.0,1.0,1.0,0.0
60,44,1.0,0.0,1.0,2.0,5.0,0.0,0.0,2.0,0.0,0.0,1.0,1.0,2.0,2.0,1.0,1.0,0.0,0.0,1.0,0.0,1.0
870,56,1.0,0.0,0.0,1.0,5.0,1.0,1.0,2.0,2.0,1.0,2.0,2.0,1.0,0.0,0.0,2.0,2.0,2.0,2.0,2.0,0.0
1027,19,1.0,0.0,0.0,2.0,0.0,0.0,1.0,1.0,1.0,0.0,0.0,1.0,2.0,0.0,0.0,1.0,2.0,1.0,1.0,0.0,0.0
919,22,0.0,0.0,1.0,3.0,5.0,0.0,1.0,1.0,1.0,0.0,1.0,1.0,2.0,2.0,2.0,0.0,0.0,0.0,0.0,0.0,0.0
802,39,1.0,0.0,0.0,0.0,2.0,1.0,1.0,2.0,0.0,0.0,0.0,1.0,2.0,2.0,1.0,0.0,0.0,0.0,0.0,0.0,0.0
445,39,1.0,0.0,1.0,3.0,5.0,0.0,1.0,2.0,0.0,0.0,1.0,1.0,2.0,2.0,0.0,1.0,1.0,0.0,1.0,1.0,1.0
945,39,1.0,0.0,1.0,3.0,2.0,0.0,1.0,2.0,2.0,0.0,0.0,2.0,2.0,2.0,0.0,1.0,0.0,0.0,0.0,1.0,0.0
943,32,1.0,0.0,1.0,2.0,3.0,0.0,1.0,2.0,2.0,2.0,2.0,1.0,2.0,2.0,0.0,1.0,0.0,0.0,0.0,0.0,0.0
871,32,0.0,0.0,1.0,2.0,3.0,0.0,1.0,1.0,0.0,0.0,0.0,1.0,3.0,1.0,0.0,1.0,1.0,0.0,2.0,0.0,1.0
1,44,1.0,0.0,0.0,1.0,5.0,0.0,0.0,1.0,0.0,1.0,1.0,1.0,2.0,1.0,0.0,0.0,0.0,0.0,0.0,0.0,0.0
69,34,1.0,1.0,0.0,1.0,0.0,1.0,1.0,0.0,0.0,0.0,0.0,1.0,2.0,1.0,0.0,1.0,0.0,0.0,0.0,0.0,0.0
686,33,0.0,0.0,1.0,1.0,5.0,0.0,1.0,2.0,2.0,2.0,2.0,2.0,1.0,0.0,0.0,1.0,2.0,0.0,0.0,2.0,0.0
938,32,1.0,0.0,0.0,1.0,5.0,0.0,1.0,2.0,2.0,2.0,2.0,2.0,1.0,1.0,0.0,1.0,1.0,0.0,0.0,0.0,0.0
209,26,1.0,0.0,0.0,0.0,3.0,0.0,1.0,0.0,0.0,0.0,0.0,0.0,0.0,2.0,1.0,0.0,0.0,0.0,1.0,0.0,0.0
527,51,1.0,0.0,0.0,2.0,2.0,1.0,1.0,0.0,2.0,2.0,0.0,0.0,3.0,2.0,2.0,0.0,0.0,0.0,0.0,0.0,1.0
735,33,1.0,1.0,0.0,0.0,3.0,0.0,0.0,0.0,1.0,0.0,0.0,1.0,0.0,0.0,0.0,2.0,1.0,0.0,2.0,1.0,0.0
127,32,1.0,0.0,0.0,1.0,3.0,0.0,1.0,2.0,2.0,0.0,2.0,2.0,2.0,2.0,0.0,0.0,2.0,0.0,0.0,0.0,0.0
622,31,0.0,0.0,0.0,3.0,2.0,1.0,1.0,2.0,2.0,0.0,0.0,1.0,0.0,1.0,0.0,1.0,1.0,0.0,2.0,0.0,0.0
482,18,0.0,0.0,1.0,2.0,0.0,1.0,1.0,1.0,1.0,1.0,1.0,1.0,2.0,1.0,1.0,1.0,1.0,1.0,1.0,0.0,0.0
851,23,1.0,0.0,1.0,0.0,2.0,1.0,1.0,2.0,2.0,0.0,1.0,2.0,2.0,1.0,0.0,0.0,1.0,0.0,0.0,0.0,0.0
417,23,1.0,0.0,0.0,0.0,1.0,0.0,1.0,0.0,0.0,0.0,0.0,1.0,2.0,0.0,0.0,1.0,2.0,1.0,1.0,1.0,0.0
1254,26,1.0,0.0,0.0,0.0,2.0,0.0,1.0,0.0,0.0,0.0,0.0,1.0,1.0,0.0,0.0,1.0,1.0,0.0,0.0,0.0,0.0
732,29,1.0,0.0,0.0,0.0,1.0,1.0,1.0,1.0,1.0,0.0,0.0,1.0,0.0,0.0,0.0,2.0,2.0,0.0,0.0,0.0,0.0
641,35,1.0,0.0,0.0,0.0,2.0,0.0,1.0,0.0,0.0,0.0,0.0,1.0,0.0,1.0,0.0,1.0,1.0,0.0,0.0,0.0,0.0
982,34,0.0,0.0,1.0,3.0,2.0,1.0,0.0,2.0,2.0,0.0,2.0,0.0,1.0,2.0,2.0,1.0,0.0,0.0,0.0,0.0,0.0
1206,34,1.0,0.0,1.0,3.0,2.0,1.0,0.0,1.0,1.0,0.0,0.0,1.0,1.0,1.0,0.0,1.0,2.0,1.0,2.0,2.0,0.0
1201,28,0.0,0.0,0.0,1.0,1.0,0.0,1.0,2.0,0.0,0.0,0.0,1.0,1.0,2.0,2.0,1.0,0.0,0.0,0.0,1.0,1.0
1046,33,1.0,0.0,1.0,2.0,1.0,0.0,1.0,0.0,1.0,0.0,0.0,1.0,1.0,0.0,0.0,1.0,2.0,0.0,0.0,0.0,0.0
260,27,0.0,0.0,0.0,1.0,1.0,0.0,1.0,2.0,0.0,0.0,0.0,2.0,2.0,1.0,1.0,2.0,0.0,0.0,1.0,0.0,0.0
944,28,1.0,0.0,1.0,2.0,5.0,0.0,1.0,1.0,0.0,1.0,1.0,1.0,1.0,1.0,0.0,1.0,0.0,0.0,1.0,1.0,0.0
156,27,1.0,0.0,1.0,2.0,5.0,0.0,1.0,1.0,0.0,0.0,1.0,1.0,2.0,0.0,0.0,0.0,1.0,0.0,1.0,0.0,0.0
1214,33,1.0,0.0,0.0,3.0,2.0,1.0,1.0,2.0,2.0,0.0,0.0,2.0,2.0,1.0,0.0,1.0,0.0,0.0,1.0,0.0,0.0
668,26,1.0,0.0,0.0,0.0,2.0,0.0,1.0,0.0,0.0,0.0,0.0,1.0,2.0,1.0,1.0,0.0,0.0,0.0,0.0,0.0,0.0
989,15,2.0,1.0,1.0,3.0,0.0,1.0,1.0,2.0,2.0,2.0,2.0,2.0,0.0,2.0,2.0,2.0,2.0,2.0,2.0,2.0,1.0
681,38,1.0,0.0,0.0,2.0,5.0,0.0,0.0,2.0,2.0,2.0,2.0,1.0,2.0,0.0,0.0,1.0,2.0,0.0,0.0,0.0,0.0
1175,38,1.0,0.0,1.0,0.0,1.0,0.0,1.0,1.0,0.0,0.0,0.0,1.0,3.0,0.0,0.0,1.0,2.0,0.0,0.0,0.0,1.0
1196,35,0.0,0.0,0.0,1.0,0.0,0.0,1.0,1.0,0.0,0.0,0.0,0.0,2.0,1.0,0.0,1.0,0.0,0.0,1.0,1.0,0.0
1197,34,1.0,0.0,0.0,3.0,1.0,0.0,1.0,0.0,0.0,0.0,0.0,1.0,3.0,2.0,1.0,1.0,2.0,0.0,1.0,1.0,0.0
455,36,1.0,0.0,0.0,2.0,5.0,0.0,1.0,1.0,0.0,0.0,0.0,2.0,1.0,0.0,0.0,2.0,2.0,1.0,2.0,0.0,0.0
266,41,1.0,0.0,0.0,2.0,2.0,1.0,1.0,2.0,2.0,1.0,0.0,1.0,0.0,0.0,0.0,2.0,2.0,2.0,2.0,2.0,0.0
1154,39,1.0,0.0,1.0,3.0,2.0,0.0,0.0,1.0,1.0,0.0,0.0,1.0,1.0,2.0,0.0,1.0,1.0,0.0,1.0,0.0,0.0
70,28,1.0,0.0,0.0,0.0,2.0,0.0,1.0,0.0,0.0,0.0,0.0,1.0,2.0,1.0,0.0,1.0,1.0,0.0,0.0,0.0,0.0
1167,34,1.0,0.0,0.0,0.0,5.0,1.0,1.0,1.0,1.0,0.0,0.0,1.0,2.0,1.0,0.0,1.0,1.0,0.0,2.0,0.0,0.0
210,40,0.0,0.0,0.0,0.0,2.0,0.0,1.0,2.0,2.0,2.0,2.0,2.0,1.0,0.0,0.0,1.0,2.0,0.0,0.0,2.0,0.0
768,36,0.0,0.0,0.0,0.0,1.0,1.0,1.0,2.0,0.0,0.0,0.0,1.0,2.0,1.0,1.0,1.0,1.0,0.0,0.0,1.0,0.0
613,30,1.0,0.0,0.0,2.0,2.0,0.0,1.0,1.0,1.0,0.0,0.0,1.0,1.0,1.0,0.0,1.0,0.0,0.0,2.0,1.0,1.0
1079,32,1.0,1.0,0.0,2.0,0.0,0.0,1.0,0.0,0.0,0.0,0.0,2.0,4.0,1.0,0.0,1.0,2.0,0.0,1.0,1.0,0.0
119,35,1.0,0.0,0.0,0.0,2.0,1.0,1.0,1.0,1.0,0.0,1.0,1.0,2.0,0.0,0.0,1.0,2.0,1.0,1.0,0.0,0.0
612,37,1.0,0.0,0.0,3.0,5.0,0.0,0.0,1.0,0.0,0.0,0.0,1.0,2.0,1.0,0.0,1.0,0.0,0.0,0.0,1.0,0.0
693,28,0.0,0.0,0.0,0.0,5.0,0.0,1.0,2.0,1.0,1.0,1.0,1.0,1.0,0.0,0.0,1.0,2.0,0.0,0.0,0.0,0.0
602,33,1.0,0.0,1.0,2.0,3.0,0.0,0.0,2.0,1.0,0.0,0.0,2.0,3.0,2.0,2.0,0.0,0.0,0.0,0.0,1.0,0.0
720,33,1.0,0.0,0.0,0.0,1.0,0.0,1.0,1.0,0.0,0.0,0.0,1.0,2.0,1.0,0.0,1.0,1.0,0.0,1.0,0.0,0.0
316,29,1.0,0.0,0.0,0.0,3.0,0.0,0.0,1.0,1.0,0.0,1.0,1.0,2.0,1.0,0.0,0.0,0.0,0.0,1.0,0.0,0.0
483,29,1.0,0.0,0.0,1.0,1.0,0.0,1.0,2.0,2.0,0.0,0.0,1.0,2.0,1.0,0.0,1.0,0.0,0.0,1.0,0.0,0.0
72,23,2.0,0.0,0.0,1.0,5.0,0.0,1.0,2.0,2.0,0.0,0.0,2.0,3.0,1.0,0.0,2.0,2.0,0.0,0.0,1.0,0.0
224,23,1.0,0.0,0.0,0.0,2.0,0.0,1.0,1.0,1.0,1.0,1.0,1.0,2.0,0.0,0.0,0.0,2.0,0.0,2.0,2.0,0.0
432,33,1.0,1.0,0.0,3.0,0.0,1.0,1.0,0.0,0.0,0.0,0.0,2.0,1.0,2.0,1.0,1.0,1.0,2.0,2.0,0.0,0.0
756,38,0.0,0.0,1.0,2.0,2.0,0.0,0.0,2.0,1.0,0.0,1.0,1.0,2.0,1.0,0.0,0.0,0.0,0.0,0.0,0.0,0.0
293,32,1.0,0.0,0.0,0.0,5.0,0.0,1.0,2.0,0.0,0.0,1.0,1.0,2.0,1.0,0.0,1.0,1.0,0.0,0.0,0.0,0.0
979,28,1.0,0.0,1.0,3.0,2.0,0.0,1.0,0.0,0.0,0.0,0.0,1.0,1.0,1.0,1.0,2.0,2.0,0.0,0.0,1.0,0.0
696,37,1.0,0.0,0.0,0.0,3.0,0.0,1.0,0.0,0.0,0.0,0.0,1.0,1.0,1.0,1.0,1.0,1.0,0.0,1.0,1.0,0.0
1052,35,1.0,0.0,1.0,3.0,5.0,0.0,1.0,1.0,1.0,0.0,0.0,2.0,0.0,0.0,0.0,1.0,1.0,0.0,1.0,1.0,0.0
423,32,1.0,0.0,1.0,2.0,1.0,0.0,1.0,0.0,0.0,0.0,1.0,1.0,1.0,0.0,0.0,1.0,2.0,0.0,0.0,0.0,0.0
610,32,1.0,0.0,0.0,2.0,1.0,0.0,1.0,0.0,2.0,0.0,0.0,2.0,1.0,0.0,0.0,1.0,2.0,1.0,1.0,2.0,0.0
354,25,0.0,0.0,1.0,2.0,1.0,0.0,1.0,2.0,2.0,2.0,0.0,1.0,1.0,0.0,0.0,1.0,2.0,0.0,0.0,1.0,0.0
1148,35,1.0,0.0,1.0,3.0,5.0,0.0,0.0,2.0,2.0,0.0,2.0,1.0,1.0,2.0,0.0,0.0,1.0,0.0,2.0,0.0,0.0
854,31,1.0,0.0,1.0,0.0,1.0,0.0,1.0,1.0,1.0,0.0,0.0,1.0,2.0,1.0,0.0,1.0,1.0,0.0,0.0,0.0,0.0
695,32,1.0,0.0,0.0,2.0,2.0,0.0,0.0,2.0,2.0,0.0,0.0,2.0,0.0,0.0,0.0,0.0,2.0,0.0,0.0,2.0,0.0
247,29,1.0,0.0,0.0,0.0,1.0,0.0,0.0,0.0,0.0,0.0,0.0,2.0,0.0,0.0,0.0,2.0,2.0,1.0,2.0,2.0,0.0
1064,24,1.0,0.0,1.0,2.0,1.0,0.0,1.0,0.0,0.0,0.0,0.0,1.0,1.0,1.0,0.0,2.0,2.0,0.0,0.0,0.0,0.0
1051,23,0.0,0.0,1.0,2.0,2.0,0.0,0.0,0.0,0.0,0.0,0.0,1.0,3.0,2.0,0.0,0.0,1.0,0.0,1.0,1.0,0.0
1234,24,2.0,0.0,0.0,2.0,1.0,0.0,0.0,1.0,0.0,0.0,1.0,1.0,2.0,2.0,1.0,0.0,0.0,0.0,1.0,0.0,0.0
649,22,0.0,0.0,0.0,3.0,1.0,0.0,1.0,0.0,0.0,0.0,0.0,1.0,2.0,0.0,0.0,0.0,1.0,0.0,2.0,0.0,0.0
1240,31,1.0,0.0,1.0,2.0,3.0,0.0,1.0,1.0,0.0,0.0,0.0,2.0,1.0,0.0,0.0,1.0,0.0,0.0,0.0,0.0,0.0
530,27,1.0,0.0,0.0,0.0,1.0,0.0,1.0,0.0,0.0,0.0,0.0,1.0,2.0,0.0,0.0,1.0,2.0,0.0,2.0,0.0,0.0
355,31,1.0,0.0,0.0,2.0,4.0,0.0,0.0,0.0,2.0,0.0,1.0,2.0,2.0,0.0,0.0,1.0,0.0,0.0,0.0,1.0,0.0
789,39,1.0,0.0,0.0,0.0,5.0,0.0,1.0,2.0,2.0,2.0,2.0,2.0,1.0,0.0,0.0,1.0,1.0,0.0,1.0,2.0,0.0
299,37,1.0,0.0,0.0,0.0,5.0,0.0,1.0,2.0,2.0,2.0,2.0,1.0,2.0,0.0,0.0,1.0,2.0,1.0,1.0,0.0,0.0
361,34,1.0,1.0,1.0,1.0,2.0,1.0,1.0,0.0,0.0,0.0,1.0,1.0,3.0,0.0,0.0,2.0,2.0,0.0,1.0,2.0,0.0
573,26,0.0,0.0,1.0,2.0,2.0,0.0,1.0,2.0,2.0,0.0,0.0,2.0,3.0,0.0,0.0,2.0,2.0,0.0,0.0,1.0,1.0
226,32,1.0,0.0,0.0,1.0,0.0,1.0,1.0,0.0,2.0,0.0,0.0,1.0,4.0,0.0,0.0,1.0,2.0,0.0,1.0,2.0,0.0
232,38,1.0,0.0,0.0,2.0,5.0,0.0,0.0,1.0,1.0,1.0,1.0,1.0,4.0,2.0,0.0,0.0,0.0,0.0,1.0,1.0,0.0
280,22,1.0,1.0,1.0,2.0,1.0,1.0,1.0,1.0,1.0,2.0,2.0,1.0,1.0,1.0,0.0,1.0,2.0,0.0,2.0,1.0,1.0
749,19,1.0,0.0,0.0,2.0,2.0,0.0,1.0,1.0,1.0,0.0,0.0,1.0,3.0,0.0,0.0,1.0,2.0,0.0,2.0,0.0,0.0
258,24,1.0,0.0,0.0,0.0,0.0,0.0,1.0,0.0,0.0,0.0,0.0,1.0,2.0,2.0,0.0,1.0,1.0,0.0,2.0,1.0,0.0
1057,33,1.0,1.0,0.0,0.0,1.0,1.0,1.0,1.0,0.0,0.0,0.0,0.0,0.0,1.0,0.0,1.0,2.0,0.0,1.0,2.0,0.0
422,28,1.0,0.0,1.0,2.0,1.0,1.0,1.0,2.0,2.0,2.0,0.0,1.0,0.0,0.0,0.0,2.0,2.0,2.0,2.0,2.0,0.0
624,31,0.0,0.0,1.0,2.0,3.0,0.0,1.0,1.0,0.0,0.0,0.0,1.0,2.0,0.0,0.0,1.0,1.0,0.0,0.0,0.0,0.0
932,43,1.0,0.0,0.0,2.0,3.0,1.0,1.0,2.0,2.0,0.0,2.0,2.0,4.0,2.0,1.0,1.0,0.0,0.0,1.0,1.0,1.0
860,32,1.0,0.0,1.0,1.0,1.0,0.0,0.0,0.0,0.0,0.0,0.0,0.0,2.0,2.0,1.0,1.0,0.0,0.0,0.0,1.0,0.0
741,32,1.0,0.0,0.0,0.0,1.0,0.0,1.0,0.0,2.0,0.0,0.0,1.0,4.0,2.0,1.0,0.0,0.0,0.0,0.0,1.0,0.0
799,35,0.0,0.0,0.0,2.0,3.0,1.0,1.0,1.0,0.0,1.0,1.0,1.0,0.0,1.0,0.0,1.0,0.0,0.0,1.0,2.0,0.0
169,24,1.0,0.0,0.0,1.0,3.0,0.0,1.0,1.0,1.0,2.0,1.0,1.0,0.0,1.0,1.0,1.0,1.0,0.0,1.0,0.0,0.0
452,30,1.0,0.0,1.0,3.0,5.0,0.0,1.0,2.0,2.0,2.0,0.0,1.0,4.0,2.0,0.0,1.0,0.0,0.0,0.0,1.0,1.0
253,27,1.0,0.0,0.0,0.0,3.0,0.0,0.0,1.0,1.0,1.0,1.0,0.0,0.0,1.0,1.0,2.0,2.0,0.0,0.0,0.0,0.0
1056,27,1.0,0.0,0.0,0.0,1.0,0.0,1.0,1.0,0.0,0.0,1.0,1.0,2.0,1.0,0.0,1.0,2.0,1.0,1.0,0.0,0.0
1004,35,1.0,0.0,1.0,2.0,0.0,0.0,1.0,0.0,2.0,0.0,0.0,2.0,0.0,2.0,2.0,1.0,1.0,0.0,1.0,2.0,1.0
93,18,2.0,0.0,0.0,0.0,2.0,1.0,1.0,2.0,2.0,0.0,0.0,2.0,1.0,0.0,0.0,2.0,2.0,2.0,2.0,0.0,0.0
948,35,1.0,0.0,0.0,2.0,5.0,0.0,1.0,2.0,2.0,1.0,2.0,1.0,4.0,1.0,1.0,1.0,1.0,0.0,0.0,0.0,0.0
126,27,1.0,0.0,0.0,0.0,1.0,0.0,1.0,0.0,0.0,0.0,0.0,1.0,2.0,0.0,0.0,1.0,1.0,0.0,0.0,0.0,0.0
1082,30,0.0,0.0,1.0,3.0,5.0,0.0,0.0,2.0,0.0,0.0,0.0,1.0,3.0,2.0,0.0,0.0,0.0,0.0,1.0,1.0,0.0
515,43,1.0,0.0,0.0,0.0,1.0,1.0,1.0,1.0,0.0,0.0,1.0,1.0,2.0,1.0,0.0,1.0,0.0,0.0,0.0,0.0,0.0
495,23,0.0,0.0,1.0,3.0,5.0,0.0,1.0,2.0,1.0,1.0,0.0,1.0,2.0,1.0,0.0,1.0,1.0,0.0,0.0,2.0,1.0
546,30,1.0,0.0,0.0,0.0,2.0,1.0,1.0,1.0,1.0,1.0,1.0,1.0,0.0,0.0,0.0,2.0,2.0,1.0,1.0,2.0,0.0
565,28,1.0,0.0,0.0,2.0,5.0,0.0,1.0,2.0,2.0,0.0,0.0,2.0,3.0,1.0,0.0,1.0,0.0,0.0,1.0,1.0,0.0
510,33,0.0,0.0,0.0,2.0,4.0,1.0,1.0,2.0,2.0,2.0,2.0,1.0,0.0,0.0,0.0,1.0,1.0,0.0,0.0,0.0,0.0
205,32,1.0,0.0,1.0,2.0,3.0,1.0,1.0,1.0,1.0,0.0,0.0,1.0,3.0,2.0,1.0,0.0,0.0,0.0,0.0,1.0,1.0
476,27,1.0,0.0,1.0,2.0,1.0,0.0,1.0,0.0,1.0,0.0,0.0,1.0,3.0,2.0,1.0,1.0,0.0,0.0,0.0,1.0,1.0
1236,60,1.0,0.0,0.0,3.0,5.0,1.0,1.0,1.0,0.0,2.0,1.0,1.0,1.0,1.0,1.0,1.0,0.0,0.0,1.0,0.0,0.0
1126,20,0.0,0.0,0.0,2.0,2.0,1.0,1.0,1.0,1.0,1.0,1.0,1.0,2.0,0.0,0.0,1.0,1.0,1.0,1.0,0.0,0.0
879,31,1.0,0.0,0.0,0.0,2.0,0.0,1.0,2.0,2.0,0.0,1.0,2.0,0.0,1.0,0.0,0.0,0.0,0.0,0.0,0.0,0.0
471,58,1.0,0.0,0.0,1.0,5.0,0.0,1.0,2.0,2.0,2.0,2.0,2.0,1.0,1.0,0.0,1.0,2.0,0.0,2.0,2.0,0.0
334,29,1.0,0.0,0.0,0.0,1.0,1.0,0.0,0.0,2.0,0.0,0.0,1.0,2.0,1.0,1.0,1.0,1.0,1.0,1.0,1.0,0.0
1257,46,0.0,0.0,0.0,0.0,3.0,1.0,1.0,0.0,2.0,0.0,0.0,1.0,2.0,2.0,0.0,0.0,0.0,0.0,0.0,1.0,0.0
998,32,1.0,0.0,0.0,1.0,4.0,0.0,1.0,0.0,0.0,0.0,0.0,1.0,2.0,2.0,0.0,0.0,0.0,0.0,0.0,0.0,0.0
1003,26,0.0,0.0,0.0,2.0,2.0,1.0,1.0,1.0,0.0,0.0,1.0,1.0,2.0,1.0,0.0,1.0,0.0,1.0,1.0,0.0,1.0
909,48,1.0,0.0,0.0,0.0,5.0,0.0,1.0,2.0,2.0,2.0,2.0,2.0,2.0,1.0,1.0,2.0,2.0,0.0,1.0,2.0,1.0
1168,26,1.0,0.0,0.0,3.0,1.0,0.0,1.0,0.0,0.0,0.0,0.0,0.0,4.0,2.0,0.0,0.0,0.0,0.0,1.0,2.0,0.0
1188,31,0.0,0.0,0.0,0.0,2.0,0.0,1.0,1.0,1.0,0.0,0.0,2.0,0.0,1.0,0.0,1.0,1.0,0.0,0.0,0.0,0.0
884,35,1.0,0.0,1.0,2.0,2.0,1.0,1.0,2.0,2.0,0.0,1.0,1.0,2.0,1.0,1.0,1.0,0.0,0.0,1.0,1.0,0.0
743,31,1.0,0.0,1.0,2.0,2.0,0.0,1.0,2.0,2.0,0.0,1.0,1.0,1.0,1.0,0.0,1.0,2.0,1.0,2.0,0.0,0.0
6,35,0.0,0.0,1.0,2.0,0.0,1.0,1.0,0.0,0.0,0.0,0.0,0.0,3.0,1.0,1.0,1.0,0.0,0.0,0.0,0.0,0.0
261,27,1.0,0.0,0.0,2.0,1.0,1.0,1.0,0.0,2.0,0.0,0.0,0.0,4.0,2.0,2.0,1.0,1.0,0.0,1.0,1.0,0.0
171,31,1.0,1.0,0.0,3.0,1.0,0.0,1.0,1.0,0.0,0.0,0.0,1.0,2.0,1.0,0.0,1.0,2.0,0.0,1.0,0.0,0.0
404,29,1.0,0.0,1.0,2.0,2.0,0.0,1.0,1.0,0.0,0.0,0.0,1.0,0.0,1.0,0.0,1.0,1.0,1.0,1.0,0.0,0.0
792,37,0.0,0.0,0.0,3.0,1.0,1.0,1.0,1.0,1.0,0.0,0.0,2.0,3.0,2.0,0.0,1.0,1.0,0.0,2.0,1.0,1.0
128,31,1.0,0.0,1.0,2.0,1.0,0.0,1.0,0.0,0.0,0.0,0.0,1.0,1.0,1.0,1.0,0.0,0.0,0.0,0.0,2.0,0.0
1193,38,1.0,0.0,0.0,0.0,2.0,0.0,1.0,1.0,1.0,1.0,1.0,2.0,2.0,0.0,0.0,1.0,2.0,2.0,1.0,1.0,0.0
1179,25,0.0,0.0,0.0,2.0,2.0,1.0,1.0,0.0,0.0,0.0,0.0,1.0,2.0,1.0,1.0,2.0,1.0,1.0,0.0,1.0,0.0
1010,40,1.0,0.0,0.0,0.0,5.0,0.0,0.0,2.0,2.0,2.0,2.0,2.0,2.0,1.0,0.0,0.0,2.0,0.0,0.0,0.0,0.0
497,25,0.0,1.0,1.0,3.0,0.0,1.0,1.0,1.0,1.0,0.0,0.0,2.0,3.0,2.0,0.0,1.0,0.0,0.0,1.0,1.0,1.0
268,37,0.0,0.0,1.0,3.0,2.0,0.0,1.0,2.0,2.0,0.0,0.0,2.0,2.0,1.0,0.0,1.0,1.0,0.0,2.0,0.0,0.0
1134,27,1.0,0.0,0.0,1.0,2.0,0.0,1.0,0.0,2.0,0.0,2.0,0.0,3.0,2.0,0.0,0.0,0.0,0.0,1.0,1.0,1.0
212,26,1.0,1.0,0.0,3.0,0.0,1.0,1.0,0.0,0.0,0.0,0.0,1.0,2.0,2.0,0.0,0.0,0.0,0.0,1.0,0.0,0.0
661,27,1.0,0.0,0.0,0.0,0.0,0.0,1.0,1.0,0.0,0.0,1.0,1.0,2.0,0.0,0.0,1.0,2.0,1.0,1.0,0.0,0.0
412,21,1.0,0.0,1.0,0.0,5.0,0.0,1.0,1.0,1.0,1.0,1.0,1.0,2.0,0.0,0.0,1.0,1.0,0.0,1.0,0.0,1.0
1024,37,1.0,0.0,1.0,2.0,2.0,1.0,1.0,1.0,0.0,0.0,0.0,1.0,1.0,1.0,0.0,1.0,1.0,0.0,1.0,1.0,0.0
644,31,0.0,0.0,1.0,1.0,3.0,0.0,0.0,2.0,0.0,0.0,0.0,0.0,2.0,1.0,0.0,1.0,0.0,0.0,0.0,0.0,1.0
608,27,1.0,0.0,0.0,0.0,2.0,0.0,1.0,1.0,0.0,0.0,0.0,1.0,2.0,0.0,0.0,2.0,2.0,0.0,1.0,2.0,0.0
117,27,1.0,0.0,0.0,1.0,1.0,0.0,0.0,2.0,2.0,2.0,2.0,2.0,0.0,1.0,0.0,1.0,2.0,0.0,0.0,0.0,0.0
584,27,1.0,0.0,0.0,2.0,0.0,1.0,1.0,0.0,0.0,0.0,0.0,2.0,2.0,2.0,0.0,1.0,2.0,0.0,0.0,1.0,0.0
319,29,1.0,0.0,0.0,0.0,2.0,0.0,1.0,0.0,2.0,0.0,0.0,1.0,1.0,1.0,1.0,1.0,1.0,0.0,0.0,0.0,0.0
387,29,2.0,1.0,1.0,2.0,0.0,1.0,1.0,2.0,2.0,0.0,0.0,1.0,4.0,2.0,0.0,1.0,0.0,0.0,1.0,1.0,0.0
44,30,1.0,0.0,0.0,2.0,2.0,0.0,1.0,1.0,0.0,0.0,0.0,1.0,2.0,0.0,0.0,0.0,0.0,0.0,1.0,0.0,0.0
1023,32,1.0,0.0,0.0,0.0,1.0,0.0,1.0,0.0,0.0,0.0,0.0,1.0,2.0,1.0,1.0,0.0,0.0,0.0,1.0,0.0,0.0
180,29,1.0,0.0,0.0,0.0,1.0,1.0,1.0,0.0,0.0,0.0,0.0,0.0,2.0,1.0,1.0,0.0,2.0,1.0,2.0,1.0,0.0
604,27,1.0,0.0,0.0,0.0,5.0,0.0,1.0,2.0,1.0,1.0,1.0,2.0,2.0,1.0,1.0,0.0,0.0,0.0,1.0,1.0,0.0
1174,20,1.0,0.0,0.0,1.0,2.0,0.0,0.0,0.0,0.0,0.0,0.0,1.0,4.0,2.0,2.0,1.0,0.0,0.0,1.0,1.0,0.0
370,22,0.0,0.0,0.0,0.0,5.0,0.0,1.0,2.0,0.0,2.0,2.0,2.0,1.0,0.0,0.0,0.0,1.0,0.0,0.0,2.0,0.0
849,40,1.0,0.0,0.0,1.0,5.0,0.0,1.0,2.0,2.0,2.0,2.0,2.0,2.0,0.0,0.0,1.0,1.0,0.0,1.0,0.0,0.0
1132,36,0.0,0.0,1.0,1.0,5.0,1.0,1.0,2.0,2.0,0.0,0.0,2.0,1.0,1.0,1.0,1.0,0.0,0.0,0.0,0.0,0.0
272,30,1.0,0.0,0.0,0.0,5.0,0.0,1.0,2.0,2.0,2.0,2.0,2.0,0.0,0.0,0.0,1.0,2.0,0.0,0.0,2.0,0.0
222,28,1.0,0.0,0.0,1.0,1.0,0.0,1.0,1.0,0.0,0.0,0.0,1.0,2.0,0.0,0.0,1.0,1.0,0.0,1.0,0.0,0.0
582,29,1.0,0.0,0.0,0.0,5.0,0.0,0.0,2.0,1.0,2.0,2.0,2.0,3.0,1.0,0.0,1.0,0.0,0.0,1.0,0.0,1.0
850,42,1.0,0.0,0.0,2.0,0.0,1.0,1.0,0.0,2.0,0.0,0.0,1.0,1.0,1.0,0.0,0.0,0.0,0.0,1.0,0.0,0.0
220,34,0.0,0.0,0.0,0.0,1.0,0.0,1.0,2.0,0.0,0.0,0.0,1.0,1.0,0.0,0.0,2.0,2.0,1.0,1.0,2.0,0.0
923,42,1.0,0.0,0.0,2.0,5.0,0.0,0.0,0.0,2.0,1.0,0.0,2.0,3.0,2.0,1.0,1.0,1.0,0.0,2.0,1.0,1.0
770,39,1.0,0.0,0.0,2.0,4.0,0.0,0.0,1.0,0.0,0.0,0.0,1.0,2.0,1.0,1.0,1.0,1.0,0.0,0.0,0.0,0.0
329,33,1.0,1.0,1.0,1.0,0.0,0.0,0.0,0.0,0.0,0.0,0.0,1.0,3.0,2.0,2.0,0.0,0.0,1.0,0.0,2.0,1.0
539,22,0.0,0.0,1.0,2.0,4.0,0.0,1.0,2.0,2.0,0.0,1.0,1.0,2.0,0.0,0.0,1.0,1.0,0.0,0.0,1.0,1.0
908,36,1.0,0.0,0.0,1.0,4.0,1.0,1.0,2.0,2.0,1.0,1.0,1.0,2.0,1.0,0.0,0.0,0.0,0.0,1.0,0.0,0.0
453,34,1.0,0.0,0.0,2.0,1.0,0.0,1.0,1.0,1.0,0.0,0.0,1.0,2.0,2.0,2.0,1.0,0.0,0.0,0.0,0.0,0.0
886,31,1.0,0.0,0.0,1.0,1.0,0.0,1.0,1.0,1.0,0.0,0.0,1.0,2.0,0.0,0.0,1.0,2.0,0.0,0.0,0.0,0.0
669,43,1.0,0.0,0.0,0.0,3.0,0.0,1.0,1.0,0.0,0.0,0.0,1.0,2.0,0.0,0.0,1.0,2.0,1.0,1.0,0.0,0.0
196,35,0.0,0.0,0.0,0.0,4.0,1.0,1.0,1.0,1.0,0.0,0.0,1.0,2.0,1.0,1.0,1.0,0.0,0.0,0.0,0.0,0.0
1054,42,1.0,0.0,0.0,1.0,5.0,0.0,0.0,1.0,0.0,0.0,1.0,1.0,2.0,1.0,0.0,1.0,0.0,0.0,1.0,1.0,0.0
813,28,1.0,0.0,0.0,0.0,1.0,1.0,1.0,0.0,2.0,0.0,0.0,1.0,2.0,1.0,1.0,1.0,1.0,0.0,0.0,0.0,0.0
1075,40,1.0,0.0,1.0,2.0,5.0,0.0,1.0,2.0,2.0,2.0,2.0,2.0,2.0,2.0,2.0,0.0,0.0,0.0,1.0,1.0,1.0
929,31,1.0,0.0,1.0,0.0,3.0,0.0,1.0,1.0,0.0,1.0,1.0,1.0,0.0,0.0,0.0,1.0,2.0,0.0,0.0,0.0,0.0
865,34,1.0,0.0,0.0,0.0,1.0,1.0,1.0,0.0,0.0,0.0,0.0,0.0,3.0,2.0,1.0,0.0,0.0,0.0,2.0,1.0,1.0
379,26,0.0,0.0,1.0,0.0,5.0,0.0,1.0,2.0,2.0,0.0,2.0,2.0,2.0,1.0,0.0,0.0,0.0,0.0,0.0,0.0,0.0
841,36,1.0,1.0,0.0,2.0,1.0,1.0,1.0,0.0,0.0,0.0,0.0,1.0,3.0,0.0,0.0,2.0,2.0,0.0,1.0,0.0,1.0
213,32,0.0,0.0,1.0,2.0,1.0,0.0,1.0,1.0,0.0,0.0,0.0,0.0,2.0,2.0,1.0,1.0,1.0,0.0,1.0,1.0,1.0
53,32,1.0,0.0,0.0,0.0,0.0,1.0,1.0,1.0,1.0,0.0,0.0,1.0,2.0,1.0,0.0,1.0,2.0,0.0,0.0,0.0,0.0
707,32,1.0,1.0,0.0,2.0,0.0,1.0,1.0,1.0,1.0,1.0,1.0,1.0,0.0,0.0,0.0,2.0,2.0,2.0,2.0,0.0,0.0
639,49,1.0,1.0,1.0,2.0,0.0,1.0,1.0,0.0,2.0,2.0,0.0,1.0,3.0,2.0,2.0,0.0,0.0,0.0,0.0,1.0,1.0
845,37,1.0,0.0,0.0,2.0,2.0,0.0,1.0,1.0,1.0,1.0,1.0,1.0,2.0,2.0,2.0,1.0,0.0,0.0,0.0,1.0,0.0
433,34,1.0,0.0,0.0,2.0,2.0,0.0,1.0,1.0,0.0,0.0,0.0,1.0,2.0,1.0,0.0,2.0,2.0,0.0,1.0,0.0,0.0
835,44,1.0,0.0,1.0,2.0,4.0,0.0,0.0,1.0,0.0,0.0,0.0,1.0,3.0,1.0,0.0,1.0,2.0,0.0,1.0,1.0,1.0
1156,37,1.0,1.0,0.0,0.0,0.0,1.0,1.0,1.0,1.0,1.0,1.0,1.0,0.0,2.0,2.0,1.0,1.0,0.0,0.0,0.0,0.0
1152,38,1.0,0.0,1.0,1.0,3.0,0.0,1.0,1.0,1.0,0.0,1.0,1.0,2.0,0.0,0.0,2.0,2.0,0.0,1.0,1.0,0.0
556,34,1.0,0.0,0.0,2.0,5.0,0.0,1.0,2.0,2.0,2.0,2.0,2.0,0.0,0.0,0.0,1.0,2.0,0.0,1.0,2.0,0.0
405,26,1.0,0.0,1.0,0.0,1.0,0.0,1.0,2.0,2.0,0.0,2.0,2.0,0.0,0.0,0.0,1.0,2.0,1.0,1.0,1.0,0.0
1087,38,1.0,0.0,1.0,0.0,5.0,0.0,0.0,2.0,1.0,2.0,2.0,1.0,2.0,2.0,1.0,1.0,0.0,0.0,0.0,1.0,0.0
911,53,1.0,0.0,0.0,1.0,1.0,1.0,1.0,2.0,2.0,0.0,2.0,1.0,2.0,1.0,1.0,1.0,0.0,0.0,0.0,0.0,0.0
968,45,1.0,0.0,1.0,1.0,3.0,0.0,0.0,1.0,0.0,0.0,0.0,1.0,2.0,1.0,0.0,1.0,0.0,0.0,1.0,0.0,0.0
438,23,0.0,0.0,0.0,2.0,2.0,0.0,1.0,2.0,2.0,0.0,1.0,1.0,2.0,1.0,0.0,1.0,0.0,0.0,1.0,0.0,0.0
758,34,1.0,0.0,0.0,1.0,2.0,0.0,1.0,0.0,0.0,0.0,0.0,2.0,1.0,1.0,1.0,0.0,1.0,1.0,1.0,2.0,0.0
659,31,1.0,0.0,0.0,0.0,1.0,0.0,1.0,1.0,0.0,0.0,1.0,1.0,1.0,0.0,0.0,1.0,2.0,1.0,1.0,0.0,0.0
430,28,1.0,1.0,0.0,0.0,3.0,1.0,1.0,1.0,0.0,0.0,0.0,1.0,1.0,1.0,0.0,1.0,2.0,0.0,0.0,2.0,0.0
1078,37,0.0,0.0,1.0,2.0,2.0,1.0,1.0,2.0,2.0,0.0,1.0,1.0,2.0,2.0,1.0,0.0,0.0,0.0,1.0,0.0,0.0
129,19,1.0,0.0,0.0,2.0,1.0,0.0,1.0,1.0,0.0,0.0,0.0,1.0,1.0,2.0,2.0,1.0,0.0,0.0,0.0,0.0,0.0
400,26,1.0,0.0,1.0,3.0,1.0,0.0,1.0,2.0,2.0,0.0,0.0,1.0,3.0,1.0,0.0,1.0,2.0,0.0,0.0,1.0,0.0
701,33,1.0,1.0,1.0,1.0,0.0,1.0,1.0,0.0,2.0,2.0,2.0,0.0,4.0,0.0,0.0,2.0,2.0,0.0,0.0,2.0,1.0
872,41,1.0,0.0,0.0,0.0,2.0,0.0,0.0,2.0,2.0,2.0,2.0,2.0,2.0,1.0,1.0,1.0,1.0,0.0,2.0,1.0,1.0
969,33,0.0,1.0,0.0,2.0,0.0,1.0,1.0,0.0,2.0,2.0,2.0,2.0,0.0,0.0,0.0,1.0,2.0,0.0,0.0,0.0,0.0
48,26,1.0,1.0,0.0,2.0,0.0,0.0,1.0,0.0,2.0,2.0,0.0,1.0,2.0,0.0,0.0,2.0,2.0,0.0,0.0,2.0,0.0
243,25,1.0,0.0,0.0,0.0,1.0,0.0,1.0,0.0,0.0,0.0,0.0,2.0,3.0,1.0,0.0,1.0,2.0,0.0,2.0,1.0,0.0
615,30,1.0,1.0,0.0,3.0,1.0,1.0,1.0,0.0,1.0,0.0,2.0,1.0,3.0,0.0,0.0,2.0,2.0,0.0,1.0,2.0,0.0
717,37,1.0,1.0,0.0,0.0,1.0,1.0,1.0,2.0,2.0,2.0,0.0,2.0,1.0,0.0,0.0,2.0,2.0,1.0,1.0,2.0,0.0
1258,25,1.0,0.0,1.0,2.0,2.0,0.0,0.0,2.0,2.0,0.0,0.0,2.0,2.0,1.0,0.0,1.0,0.0,0.0,0.0,0.0,0.0
984,27,1.0,0.0,0.0,0.0,2.0,0.0,1.0,2.0,1.0,2.0,0.0,2.0,0.0,0.0,0.0,2.0,2.0,1.0,1.0,2.0,0.0
607,24,1.0,0.0,0.0,0.0,2.0,0.0,0.0,1.0,1.0,0.0,0.0,1.0,2.0,1.0,2.0,1.0,0.0,0.0,1.0,1.0,0.0
395,29,1.0,0.0,0.0,0.0,5.0,0.0,0.0,2.0,1.0,0.0,1.0,1.0,2.0,1.0,0.0,1.0,1.0,0.0,0.0,0.0,0.0
699,29,1.0,0.0,0.0,0.0,1.0,0.0,1.0,0.0,0.0,0.0,1.0,1.0,3.0,1.0,1.0,1.0,0.0,0.0,0.0,0.0,0.0
187,26,1.0,0.0,0.0,0.0,1.0,1.0,1.0,0.0,2.0,0.0,0.0,1.0,1.0,0.0,0.0,1.0,0.0,0.0,1.0,2.0,0.0
137,39,1.0,0.0,0.0,3.0,5.0,0.0,1.0,2.0,1.0,0.0,0.0,1.0,1.0,0.0,0.0,2.0,2.0,0.0,0.0,0.0,0.0
116,21,1.0,1.0,0.0,3.0,0.0,1.0,0.0,0.0,2.0,0.0,0.0,2.0,4.0,2.0,0.0,1.0,2.0,0.0,1.0,1.0,0.0
629,28,1.0,0.0,1.0,2.0,2.0,1.0,1.0,2.0,1.0,0.0,1.0,1.0,2.0,2.0,0.0,1.0,1.0,0.0,0.0,0.0,1.0
757,26,1.0,0.0,1.0,2.0,5.0,0.0,1.0,2.0,0.0,2.0,1.0,1.0,3.0,2.0,1.0,0.0,0.0,0.0,1.0,1.0,0.0
721,30,1.0,0.0,1.0,2.0,5.0,0.0,0.0,1.0,0.0,0.0,0.0,0.0,4.0,2.0,0.0,1.0,0.0,0.0,2.0,1.0,1.0
589,43,1.0,0.0,0.0,2.0,1.0,0.0,1.0,0.0,2.0,0.0,0.0,1.0,1.0,0.0,0.0,2.0,2.0,0.0,1.0,0.0,0.0
596,24,0.0,0.0,1.0,2.0,3.0,0.0,1.0,2.0,1.0,0.0,0.0,1.0,3.0,2.0,1.0,0.0,0.0,0.0,0.0,1.0,1.0
8,42,0.0,0.0,1.0,2.0,3.0,0.0,1.0,2.0,2.0,0.0,0.0,0.0,4.0,1.0,0.0,2.0,2.0,0.0,1.0,1.0,0.0
545,23,0.0,0.0,0.0,0.0,1.0,0.0,1.0,1.0,1.0,0.0,0.0,1.0,0.0,1.0,0.0,0.0,1.0,0.0,2.0,2.0,0.0
991,19,1.0,0.0,0.0,0.0,1.0,0.0,1.0,2.0,0.0,0.0,2.0,1.0,0.0,0.0,0.0,2.0,2.0,0.0,0.0,2.0,0.0
558,22,1.0,0.0,1.0,2.0,1.0,1.0,1.0,0.0,1.0,0.0,1.0,1.0,1.0,0.0,0.0,1.0,2.0,1.0,2.0,2.0,0.0
273,34,1.0,0.0,0.0,2.0,2.0,0.0,1.0,0.0,2.0,0.0,0.0,1.0,1.0,1.0,1.0,2.0,1.0,0.0,0.0,0.0,0.0
950,34,1.0,0.0,0.0,1.0,2.0,0.0,1.0,0.0,2.0,0.0,0.0,2.0,0.0,0.0,0.0,2.0,2.0,1.0,1.0,2.0,0.0
255,29,1.0,0.0,0.0,3.0,1.0,0.0,1.0,0.0,0.0,0.0,0.0,1.0,3.0,2.0,0.0,0.0,0.0,0.0,1.0,0.0,0.0
1191,34,1.0,0.0,1.0,2.0,5.0,0.0,1.0,2.0,1.0,2.0,2.0,2.0,2.0,1.0,0.0,0.0,0.0,0.0,1.0,0.0,0.0
1030,26,1.0,0.0,1.0,0.0,1.0,0.0,1.0,1.0,1.0,0.0,0.0,1.0,2.0,0.0,0.0,1.0,2.0,0.0,0.0,2.0,0.0
1061,27,1.0,0.0,0.0,2.0,3.0,0.0,1.0,1.0,1.0,0.0,0.0,2.0,4.0,1.0,0.0,1.0,0.0,0.0,1.0,1.0,0.0
1017,46,2.0,0.0,0.0,3.0,5.0,0.0,0.0,2.0,2.0,2.0,2.0,1.0,2.0,2.0,0.0,1.0,1.0,0.0,0.0,1.0,1.0
337,29,0.0,1.0,0.0,2.0,5.0,0.0,1.0,2.0,1.0,1.0,0.0,1.0,0.0,1.0,1.0,1.0,1.0,0.0,0.0,0.0,0.0
1140,26,1.0,0.0,0.0,3.0,2.0,0.0,1.0,0.0,2.0,0.0,0.0,2.0,4.0,0.0,0.0,2.0,2.0,2.0,2.0,0.0,0.0
1239,30,1.0,0.0,0.0,2.0,4.0,0.0,1.0,1.0,0.0,0.0,0.0,1.0,2.0,1.0,0.0,2.0,2.0,1.0,2.0,0.0,0.0
983,28,1.0,0.0,1.0,3.0,3.0,0.0,1.0,1.0,1.0,0.0,1.0,1.0,2.0,1.0,0.0,1.0,1.0,0.0,2.0,0.0,0.0
165,27,0.0,1.0,1.0,0.0,0.0,1.0,1.0,0.0,2.0,0.0,0.0,2.0,1.0,0.0,0.0,2.0,2.0,0.0,1.0,2.0,0.0
133,38,1.0,0.0,0.0,0.0,2.0,1.0,1.0,0.0,2.0,0.0,0.0,2.0,1.0,0.0,0.0,2.0,2.0,1.0,2.0,1.0,0.0
17,32,1.0,0.0,0.0,2.0,1.0,0.0,1.0,2.0,2.0,0.0,1.0,1.0,2.0,1.0,0.0,1.0,2.0,0.0,0.0,1.0,0.0
331,25,1.0,0.0,1.0,2.0,5.0,0.0,1.0,2.0,2.0,0.0,1.0,1.0,2.0,2.0,1.0,1.0,0.0,0.0,0.0,1.0,0.0
460,29,1.0,0.0,0.0,0.0,2.0,0.0,1.0,1.0,0.0,1.0,1.0,1.0,2.0,0.0,0.0,1.0,2.0,1.0,1.0,2.0,0.0
122,33,1.0,0.0,1.0,2.0,1.0,1.0,1.0,1.0,0.0,1.0,1.0,2.0,0.0,0.0,0.0,2.0,2.0,0.0,1.0,2.0,0.0
1248,41,0.0,0.0,1.0,2.0,2.0,0.0,1.0,2.0,0.0,0.0,1.0,1.0,2.0,2.0,1.0,0.0,0.0,0.0,0.0,0.0,0.0
1183,35,0.0,0.0,1.0,2.0,0.0,1.0,1.0,0.0,0.0,0.0,0.0,2.0,2.0,1.0,1.0,1.0,1.0,0.0,0.0,2.0,0.0
953,36,0.0,0.0,1.0,1.0,1.0,0.0,1.0,1.0,0.0,0.0,1.0,1.0,2.0,2.0,1.0,1.0,0.0,0.0,0.0,0.0,0.0
58,26,1.0,0.0,0.0,0.0,2.0,0.0,0.0,0.0,0.0,0.0,0.0,2.0,1.0,0.0,0.0,1.0,2.0,1.0,2.0,0.0,0.0
568,31,1.0,0.0,1.0,2.0,5.0,0.0,1.0,2.0,1.0,1.0,1.0,1.0,1.0,1.0,0.0,0.0,1.0,0.0,2.0,1.0,0.0
1176,26,0.0,0.0,1.0,1.0,3.0,0.0,1.0,2.0,0.0,0.0,0.0,1.0,2.0,1.0,1.0,0.0,0.0,0.0,1.0,1.0,0.0
203,37,1.0,0.0,0.0,2.0,0.0,0.0,1.0,0.0,2.0,0.0,0.0,1.0,4.0,2.0,0.0,0.0,0.0,0.0,2.0,0.0,0.0
571,42,1.0,0.0,0.0,3.0,5.0,0.0,1.0,2.0,2.0,2.0,2.0,2.0,1.0,1.0,1.0,2.0,2.0,1.0,1.0,0.0,0.0
71,34,1.0,0.0,0.0,0.0,1.0,0.0,1.0,1.0,1.0,1.0,1.0,1.0,1.0,0.0,0.0,1.0,2.0,0.0,0.0,0.0,0.0
68,31,0.0,0.0,0.0,0.0,2.0,1.0,0.0,1.0,0.0,1.0,1.0,1.0,2.0,1.0,0.0,1.0,0.0,0.0,1.0,0.0,0.0
894,40,1.0,0.0,1.0,3.0,4.0,1.0,1.0,1.0,1.0,0.0,1.0,1.0,2.0,1.0,1.0,1.0,1.0,0.0,2.0,0.0,0.0
961,25,1.0,1.0,0.0,2.0,1.0,1.0,1.0,0.0,2.0,0.0,0.0,2.0,1.0,0.0,0.0,1.0,2.0,2.0,2.0,2.0,0.0
630,24,0.0,0.0,0.0,2.0,3.0,0.0,1.0,0.0,0.0,0.0,0.0,1.0,2.0,1.0,0.0,0.0,1.0,0.0,1.0,0.0,0.0
66,23,0.0,0.0,1.0,3.0,0.0,1.0,1.0,0.0,1.0,0.0,0.0,1.0,0.0,0.0,0.0,1.0,2.0,0.0,1.0,2.0,0.0
697,39,0.0,0.0,0.0,0.0,5.0,1.0,0.0,0.0,2.0,0.0,0.0,1.0,4.0,2.0,1.0,0.0,0.0,0.0,1.0,1.0,0.0
843,35,1.0,0.0,0.0,2.0,5.0,0.0,1.0,1.0,1.0,2.0,1.0,1.0,2.0,1.0,0.0,1.0,0.0,0.0,0.0,0.0,0.0
880,29,1.0,0.0,1.0,2.0,2.0,0.0,1.0,1.0,1.0,1.0,1.0,1.0,2.0,1.0,0.0,1.0,1.0,0.0,0.0,2.0,0.0
461,33,0.0,0.0,0.0,0.0,4.0,0.0,1.0,2.0,1.0,2.0,2.0,1.0,0.0,1.0,0.0,1.0,2.0,0.0,0.0,2.0,0.0
804,32,1.0,0.0,0.0,0.0,2.0,0.0,1.0,1.0,1.0,0.0,1.0,1.0,1.0,1.0,1.0,1.0,1.0,1.0,1.0,0.0,0.0
140,38,1.0,0.0,1.0,2.0,3.0,0.0,1.0,1.0,0.0,1.0,1.0,1.0,2.0,1.0,0.0,1.0,2.0,0.0,0.0,0.0,0.0
468,26,1.0,0.0,0.0,0.0,1.0,0.0,1.0,0.0,2.0,0.0,0.0,1.0,2.0,1.0,0.0,2.0,2.0,1.0,1.0,1.0,0.0
965,33,1.0,1.0,1.0,2.0,0.0,1.0,1.0,0.0,2.0,0.0,0.0,0.0,4.0,2.0,1.0,1.0,1.0,0.0,1.0,1.0,1.0
403,35,1.0,0.0,1.0,2.0,3.0,0.0,1.0,2.0,2.0,0.0,0.0,1.0,4.0,1.0,1.0,1.0,1.0,0.0,1.0,1.0,1.0
308,25,1.0,0.0,0.0,0.0,2.0,1.0,1.0,1.0,1.0,0.0,1.0,1.0,2.0,0.0,0.0,1.0,2.0,0.0,0.0,0.0,0.0
447,26,0.0,0.0,0.0,2.0,3.0,0.0,1.0,2.0,2.0,0.0,0.0,1.0,3.0,2.0,1.0,1.0,1.0,0.0,0.0,1.0,1.0
83,27,0.0,1.0,0.0,3.0,0.0,1.0,1.0,2.0,2.0,2.0,2.0,2.0,0.0,1.0,1.0,1.0,2.0,0.0,1.0,2.0,0.0
378,34,0.0,0.0,1.0,1.0,5.0,0.0,0.0,2.0,2.0,2.0,2.0,2.0,4.0,1.0,1.0,1.0,1.0,0.0,0.0,2.0,0.0
1216,27,1.0,0.0,0.0,1.0,5.0,1.0,0.0,1.0,1.0,0.0,2.0,1.0,2.0,0.0,0.0,1.0,2.0,0.0,0.0,0.0,0.0
626,37,2.0,0.0,1.0,2.0,3.0,0.0,0.0,2.0,2.0,0.0,0.0,1.0,3.0,2.0,1.0,1.0,1.0,0.0,1.0,1.0,0.0
317,25,1.0,0.0,0.0,0.0,5.0,0.0,0.0,2.0,2.0,2.0,2.0,2.0,0.0,0.0,0.0,1.0,2.0,1.0,1.0,2.0,0.0
54,28,1.0,0.0,0.0,0.0,3.0,0.0,1.0,0.0,0.0,0.0,0.0,1.0,2.0,0.0,0.0,0.0,0.0,0.0,1.0,0.0,0.0
646,25,1.0,0.0,1.0,2.0,2.0,0.0,1.0,0.0,0.0,0.0,0.0,1.0,2.0,1.0,0.0,1.0,1.0,0.0,1.0,1.0,0.0
1098,29,1.0,0.0,0.0,0.0,5.0,0.0,0.0,1.0,1.0,2.0,1.0,2.0,1.0,0.0,0.0,1.0,2.0,0.0,1.0,2.0,0.0
562,33,1.0,0.0,0.0,0.0,5.0,0.0,1.0,1.0,1.0,1.0,1.0,2.0,0.0,0.0,0.0,1.0,2.0,1.0,2.0,2.0,0.0
877,29,1.0,0.0,0.0,0.0,5.0,0.0,0.0,1.0,1.0,0.0,1.0,1.0,2.0,1.0,0.0,0.0,1.0,0.0,1.0,0.0,0.0
587,29,0.0,0.0,0.0,0.0,2.0,0.0,1.0,2.0,2.0,2.0,0.0,2.0,2.0,1.0,0.0,1.0,1.0,0.0,1.0,0.0,1.0
844,33,1.0,0.0,1.0,0.0,2.0,0.0,0.0,2.0,0.0,0.0,0.0,2.0,3.0,0.0,0.0,1.0,1.0,0.0,0.0,0.0,0.0
700,30,1.0,0.0,0.0,0.0,3.0,0.0,0.0,2.0,0.0,0.0,1.0,1.0,2.0,1.0,0.0,1.0,2.0,0.0,0.0,0.0,0.0
1028,40,0.0,0.0,1.0,0.0,3.0,1.0,1.0,2.0,2.0,2.0,0.0,1.0,2.0,2.0,2.0,0.0,0.0,0.0,0.0,0.0,0.0
826,20,1.0,0.0,0.0,0.0,2.0,0.0,1.0,1.0,1.0,1.0,1.0,1.0,2.0,0.0,0.0,1.0,2.0,1.0,1.0,2.0,0.0
763,38,1.0,0.0,1.0,2.0,0.0,0.0,1.0,0.0,0.0,0.0,0.0,0.0,4.0,2.0,2.0,0.0,0.0,0.0,0.0,1.0,0.0
559,24,1.0,0.0,0.0,0.0,5.0,0.0,1.0,1.0,1.0,1.0,1.0,1.0,2.0,1.0,1.0,1.0,1.0,0.0,0.0,2.0,0.0
967,25,1.0,0.0,0.0,0.0,1.0,1.0,1.0,1.0,1.0,1.0,1.0,1.0,0.0,0.0,0.0,2.0,2.0,0.0,0.0,0.0,0.0
362,26,1.0,1.0,1.0,1.0,3.0,1.0,0.0,0.0,0.0,0.0,1.0,0.0,2.0,1.0,0.0,1.0,2.0,0.0,2.0,1.0,0.0
561,27,1.0,0.0,1.0,2.0,3.0,1.0,1.0,1.0,0.0,0.0,1.0,1.0,2.0,0.0,0.0,1.0,0.0,0.0,0.0,2.0,0.0
1002,34,1.0,0.0,1.0,3.0,3.0,0.0,1.0,2.0,2.0,0.0,0.0,2.0,0.0,0.0,0.0,2.0,2.0,1.0,1.0,0.0,0.0
993,28,1.0,1.0,0.0,0.0,0.0,1.0,1.0,0.0,2.0,0.0,0.0,2.0,0.0,1.0,1.0,0.0,0.0,0.0,0.0,2.0,0.0
307,26,1.0,0.0,0.0,0.0,2.0,0.0,1.0,0.0,0.0,0.0,0.0,1.0,2.0,0.0,0.0,1.0,1.0,0.0,0.0,0.0,1.0
1065,25,1.0,0.0,1.0,3.0,1.0,0.0,0.0,1.0,0.0,0.0,0.0,2.0,2.0,0.0,0.0,1.0,2.0,0.0,1.0,1.0,1.0
1041,33,1.0,0.0,0.0,0.0,1.0,1.0,1.0,2.0,0.0,1.0,2.0,2.0,2.0,0.0,0.0,1.0,2.0,0.0,0.0,2.0,0.0
1102,33,0.0,1.0,1.0,3.0,0.0,1.0,1.0,0.0,2.0,0.0,0.0,0.0,4.0,2.0,2.0,0.0,0.0,0.0,1.0,1.0,1.0
677,29,0.0,0.0,1.0,1.0,1.0,0.0,1.0,1.0,0.0,0.0,0.0,1.0,2.0,2.0,0.0,0.0,0.0,0.0,0.0,0.0,0.0
489,33,1.0,0.0,0.0,0.0,1.0,0.0,0.0,0.0,0.0,0.0,0.0,1.0,2.0,1.0,1.0,1.0,1.0,0.0,0.0,1.0,0.0
328,30,1.0,1.0,0.0,0.0,0.0,1.0,1.0,0.0,2.0,0.0,0.0,1.0,2.0,1.0,0.0,1.0,1.0,0.0,1.0,0.0,0.0
1007,34,1.0,0.0,0.0,2.0,3.0,0.0,1.0,1.0,0.0,0.0,0.0,1.0,2.0,2.0,0.0,1.0,0.0,0.0,1.0,0.0,0.0
601,35,1.0,1.0,1.0,0.0,1.0,1.0,1.0,0.0,0.0,2.0,2.0,1.0,0.0,0.0,0.0,2.0,2.0,0.0,1.0,2.0,0.0
152,28,1.0,0.0,0.0,1.0,1.0,1.0,1.0,0.0,0.0,0.0,0.0,1.0,2.0,0.0,0.0,2.0,2.0,1.0,2.0,2.0,0.0
648,26,0.0,0.0,1.0,2.0,3.0,0.0,0.0,0.0,2.0,2.0,2.0,1.0,1.0,0.0,0.0,2.0,2.0,0.0,0.0,0.0,0.0
736,43,1.0,0.0,0.0,0.0,5.0,0.0,0.0,2.0,2.0,1.0,2.0,2.0,2.0,0.0,0.0,1.0,2.0,0.0,1.0,0.0,0.0
402,23,1.0,0.0,0.0,0.0,5.0,0.0,1.0,1.0,0.0,0.0,1.0,1.0,2.0,0.0,0.0,1.0,2.0,0.0,1.0,1.0,0.0
256,23,0.0,0.0,0.0,2.0,1.0,0.0,1.0,1.0,1.0,1.0,1.0,1.0,2.0,1.0,1.0,1.0,1.0,0.0,1.0,2.0,0.0
464,27,1.0,0.0,1.0,2.0,1.0,1.0,1.0,1.0,0.0,2.0,1.0,1.0,1.0,2.0,0.0,1.0,2.0,0.0,1.0,2.0,0.0
1016,26,0.0,0.0,0.0,0.0,1.0,0.0,1.0,1.0,1.0,0.0,0.0,1.0,1.0,0.0,0.0,2.0,2.0,0.0,1.0,2.0,0.0
269,32,1.0,0.0,0.0,0.0,1.0,1.0,1.0,0.0,0.0,0.0,0.0,1.0,0.0,0.0,0.0,2.0,2.0,0.0,0.0,0.0,0.0
782,34,1.0,0.0,1.0,2.0,5.0,0.0,1.0,1.0,1.0,1.0,1.0,2.0,0.0,0.0,0.0,1.0,2.0,0.0,1.0,2.0,0.0
1142,28,1.0,0.0,0.0,2.0,5.0,0.0,0.0,0.0,0.0,0.0,0.0,1.0,1.0,2.0,1.0,0.0,0.0,0.0,0.0,0.0,1.0
144,30,0.0,0.0,1.0,0.0,5.0,1.0,1.0,1.0,1.0,0.0,1.0,1.0,2.0,1.0,1.0,1.0,1.0,0.0,1.0,0.0,0.0
351,27,1.0,0.0,0.0,2.0,5.0,0.0,1.0,2.0,2.0,2.0,2.0,2.0,2.0,0.0,0.0,0.0,0.0,0.0,2.0,2.0,0.0
806,40,0.0,0.0,1.0,2.0,3.0,0.0,0.0,2.0,2.0,2.0,2.0,2.0,2.0,1.0,0.0,1.0,2.0,0.0,0.0,0.0,1.0
401,28,1.0,0.0,1.0,2.0,2.0,0.0,1.0,2.0,2.0,0.0,0.0,1.0,2.0,1.0,0.0,1.0,0.0,0.0,1.0,1.0,0.0
332,31,1.0,0.0,0.0,0.0,3.0,0.0,0.0,1.0,0.0,0.0,0.0,2.0,1.0,1.0,0.0,0.0,0.0,0.0,2.0,1.0,0.0
1090,15,1.0,1.0,0.0,0.0,0.0,1.0,1.0,0.0,2.0,0.0,0.0,2.0,0.0,0.0,0.0,1.0,1.0,0.0,1.0,2.0,0.0
858,33,1.0,0.0,0.0,0.0,3.0,0.0,1.0,0.0,0.0,0.0,0.0,1.0,2.0,1.0,0.0,1.0,2.0,0.0,0.0,1.0,0.0
853,26,1.0,0.0,0.0,2.0,1.0,1.0,1.0,0.0,0.0,0.0,0.0,1.0,4.0,2.0,1.0,1.0,1.0,0.0,1.0,0.0,0.0
563,36,1.0,0.0,0.0,1.0,2.0,0.0,1.0,1.0,1.0,0.0,1.0,1.0,2.0,0.0,0.0,1.0,1.0,0.0,0.0,0.0,0.0
32,30,1.0,0.0,1.0,2.0,4.0,1.0,1.0,1.0,0.0,0.0,0.0,2.0,1.0,1.0,0.0,1.0,2.0,0.0,2.0,0.0,0.0
958,26,1.0,0.0,0.0,1.0,5.0,0.0,1.0,2.0,1.0,1.0,1.0,1.0,2.0,0.0,0.0,1.0,1.0,0.0,1.0,1.0,0.0
228,24,1.0,0.0,0.0,0.0,1.0,0.0,1.0,2.0,1.0,0.0,1.0,1.0,0.0,1.0,0.0,1.0,0.0,1.0,1.0,2.0,0.0
409,30,0.0,0.0,1.0,0.0,4.0,0.0,1.0,0.0,0.0,0.0,0.0,1.0,2.0,2.0,1.0,0.0,0.0,0.0,0.0,0.0,0.0
440,26,1.0,0.0,1.0,2.0,1.0,0.0,1.0,0.0,0.0,0.0,0.0,1.0,2.0,1.0,1.0,0.0,0.0,0.0,1.0,1.0,0.0
1013,38,0.0,0.0,1.0,2.0,2.0,1.0,1.0,1.0,1.0,1.0,1.0,1.0,2.0,0.0,0.0,1.0,2.0,0.0,0.0,0.0,0.0
487,30,1.0,1.0,1.0,3.0,0.0,1.0,1.0,0.0,2.0,0.0,0.0,2.0,0.0,0.0,0.0,2.0,2.0,0.0,0.0,2.0,0.0
1220,46,1.0,0.0,1.0,3.0,2.0,0.0,1.0,1.0,0.0,0.0,0.0,1.0,2.0,1.0,0.0,1.0,0.0,0.0,0.0,1.0,0.0
204,34,1.0,0.0,1.0,0.0,3.0,1.0,1.0,1.0,0.0,1.0,1.0,1.0,0.0,0.0,0.0,2.0,2.0,0.0,0.0,2.0,0.0
513,39,1.0,0.0,0.0,0.0,2.0,0.0,1.0,2.0,2.0,2.0,2.0,2.0,0.0,0.0,0.0,2.0,2.0,0.0,0.0,2.0,0.0
1108,33,0.0,0.0,0.0,3.0,5.0,0.0,1.0,2.0,2.0,1.0,1.0,1.0,2.0,2.0,0.0,0.0,0.0,0.0,1.0,0.0,0.0
501,40,1.0,1.0,1.0,0.0,5.0,0.0,1.0,0.0,0.0,0.0,0.0,0.0,2.0,2.0,1.0,1.0,0.0,0.0,1.0,1.0,1.0
664,30,1.0,0.0,0.0,2.0,5.0,0.0,0.0,1.0,0.0,0.0,0.0,2.0,0.0,0.0,0.0,1.0,1.0,0.0,0.0,0.0,0.0
621,22,1.0,1.0,0.0,0.0,0.0,0.0,1.0,1.0,1.0,0.0,0.0,1.0,2.0,0.0,1.0,1.0,2.0,1.0,2.0,1.0,1.0
816,39,1.0,0.0,1.0,2.0,4.0,0.0,1.0,2.0,2.0,2.0,2.0,2.0,4.0,1.0,0.0,1.0,2.0,0.0,0.0,0.0,0.0
576,23,1.0,0.0,0.0,0.0,2.0,0.0,1.0,1.0,0.0,1.0,0.0,1.0,2.0,0.0,0.0,2.0,2.0,0.0,1.0,0.0,0.0
229,26,1.0,1.0,0.0,2.0,0.0,0.0,1.0,0.0,2.0,0.0,0.0,1.0,2.0,1.0,0.0,1.0,1.0,0.0,1.0,2.0,0.0
333,45,1.0,1.0,0.0,3.0,0.0,0.0,1.0,0.0,0.0,0.0,0.0,1.0,4.0,0.0,0.0,0.0,0.0,0.0,0.0,0.0,0.0
1047,28,1.0,0.0,1.0,2.0,3.0,0.0,1.0,0.0,0.0,0.0,0.0,1.0,1.0,0.0,0.0,1.0,1.0,0.0,0.0,0.0,1.0
691,29,1.0,0.0,0.0,0.0,0.0,1.0,1.0,0.0,0.0,0.0,0.0,2.0,1.0,0.0,0.0,2.0,2.0,0.0,1.0,2.0,0.0
1189,40,1.0,0.0,1.0,2.0,1.0,0.0,1.0,2.0,2.0,0.0,0.0,2.0,2.0,1.0,0.0,1.0,0.0,0.0,0.0,2.0,0.0
934,26,1.0,0.0,1.0,2.0,5.0,0.0,1.0,1.0,1.0,0.0,2.0,2.0,4.0,1.0,0.0,1.0,1.0,2.0,2.0,1.0,1.0
381,27,1.0,0.0,0.0,1.0,5.0,0.0,1.0,2.0,0.0,2.0,2.0,2.0,2.0,0.0,0.0,1.0,2.0,0.0,1.0,2.0,0.0
753,40,1.0,1.0,0.0,0.0,1.0,0.0,1.0,0.0,0.0,0.0,0.0,2.0,0.0,0.0,0.0,1.0,2.0,1.0,1.0,2.0,0.0
1233,23,1.0,0.0,0.0,1.0,1.0,0.0,1.0,0.0,2.0,0.0,0.0,1.0,2.0,0.0,0.0,2.0,2.0,0.0,1.0,0.0,0.0
866,35,1.0,0.0,1.0,2.0,1.0,0.0,1.0,2.0,2.0,0.0,0.0,1.0,1.0,1.0,1.0,1.0,1.0,0.0,0.0,0.0,0.0
897,34,1.0,1.0,0.0,2.0,0.0,1.0,1.0,0.0,1.0,0.0,0.0,2.0,3.0,1.0,1.0,1.0,1.0,0.0,0.0,0.0,0.0
1044,29,0.0,0.0,0.0,3.0,5.0,0.0,0.0,2.0,2.0,0.0,0.0,1.0,2.0,1.0,0.0,1.0,0.0,0.0,2.0,1.0,1.0
467,28,1.0,0.0,0.0,2.0,5.0,0.0,1.0,0.0,0.0,0.0,0.0,0.0,4.0,2.0,1.0,0.0,1.0,0.0,1.0,1.0,0.0
896,33,1.0,0.0,0.0,0.0,5.0,0.0,1.0,2.0,2.0,2.0,2.0,2.0,1.0,0.0,0.0,1.0,2.0,0.0,0.0,2.0,0.0
1036,26,1.0,0.0,1.0,2.0,2.0,1.0,1.0,0.0,0.0,0.0,0.0,2.0,2.0,0.0,0.0,2.0,2.0,0.0,1.0,2.0,0.0
635,28,1.0,0.0,0.0,0.0,2.0,0.0,1.0,0.0,0.0,0.0,0.0,1.0,1.0,0.0,0.0,1.0,1.0,2.0,2.0,0.0,0.0
685,23,0.0,0.0,1.0,2.0,5.0,0.0,1.0,1.0,1.0,0.0,1.0,1.0,2.0,2.0,1.0,0.0,0.0,0.0,0.0,0.0,0.0
718,29,1.0,0.0,1.0,0.0,1.0,0.0,1.0,0.0,0.0,0.0,0.0,1.0,0.0,0.0,0.0,1.0,2.0,0.0,1.0,2.0,0.0
1043,26,1.0,0.0,0.0,2.0,1.0,0.0,1.0,2.0,2.0,0.0,0.0,2.0,2.0,1.0,0.0,1.0,0.0,0.0,1.0,0.0,0.0
365,28,1.0,0.0,1.0,2.0,5.0,0.0,1.0,1.0,1.0,0.0,1.0,1.0,3.0,1.0,1.0,0.0,0.0,0.0,0.0,1.0,0.0
1128,37,1.0,0.0,1.0,2.0,1.0,0.0,1.0,0.0,0.0,0.0,0.0,2.0,1.0,1.0,0.0,1.0,2.0,0.0,1.0,2.0,0.0
131,32,1.0,0.0,0.0,1.0,0.0,1.0,1.0,0.0,2.0,0.0,0.0,1.0,4.0,1.0,0.0,2.0,1.0,0.0,2.0,0.0,0.0
356,33,1.0,0.0,1.0,2.0,2.0,0.0,1.0,1.0,1.0,0.0,0.0,1.0,2.0,1.0,0.0,1.0,1.0,0.0,0.0,0.0,0.0
820,40,0.0,0.0,1.0,2.0,3.0,0.0,0.0,2.0,1.0,2.0,1.0,1.0,2.0,2.0,1.0,1.0,0.0,0.0,0.0,0.0,0.0
1083,34,0.0,0.0,1.0,3.0,2.0,0.0,0.0,1.0,0.0,2.0,1.0,1.0,1.0,0.0,0.0,1.0,1.0,0.0,0.0,2.0,0.0
136,28,1.0,0.0,0.0,0.0,1.0,0.0,1.0,1.0,0.0,0.0,0.0,2.0,0.0,0.0,0.0,1.0,2.0,1.0,1.0,2.0,0.0
748,35,1.0,0.0,1.0,1.0,1.0,0.0,1.0,2.0,2.0,2.0,2.0,2.0,0.0,0.0,0.0,1.0,2.0,0.0,0.0,2.0,0.0
653,34,0.0,0.0,1.0,0.0,4.0,0.0,0.0,1.0,0.0,2.0,2.0,1.0,2.0,2.0,1.0,0.0,0.0,0.0,0.0,0.0,1.0
881,30,1.0,0.0,0.0,0.0,2.0,1.0,1.0,2.0,2.0,1.0,1.0,2.0,0.0,0.0,0.0,1.0,2.0,1.0,1.0,2.0,0.0
481,43,1.0,0.0,0.0,2.0,5.0,0.0,1.0,2.0,2.0,2.0,2.0,2.0,1.0,2.0,1.0,0.0,0.0,0.0,2.0,0.0,0.0
1219,38,1.0,0.0,0.0,2.0,5.0,1.0,1.0,2.0,0.0,2.0,2.0,2.0,0.0,0.0,0.0,2.0,2.0,0.0,0.0,0.0,0.0
906,30,1.0,0.0,0.0,0.0,5.0,1.0,1.0,2.0,0.0,2.0,2.0,1.0,2.0,2.0,1.0,0.0,0.0,0.0,0.0,0.0,0.0
206,21,1.0,0.0,0.0,2.0,1.0,1.0,1.0,0.0,2.0,0.0,0.0,1.0,3.0,0.0,0.0,1.0,1.0,1.0,1.0,2.0,0.0
683,29,0.0,0.0,0.0,1.0,5.0,1.0,0.0,2.0,2.0,2.0,1.0,2.0,1.0,0.0,0.0,0.0,2.0,0.0,1.0,0.0,0.0
462,28,1.0,0.0,0.0,2.0,1.0,1.0,1.0,0.0,2.0,0.0,0.0,1.0,1.0,2.0,1.0,1.0,0.0,0.0,0.0,0.0,0.0
457,35,1.0,0.0,1.0,0.0,3.0,0.0,1.0,2.0,0.0,0.0,0.0,2.0,2.0,2.0,0.0,0.0,0.0,0.0,1.0,0.0,0.0
1173,23,1.0,0.0,0.0,2.0,0.0,0.0,1.0,0.0,0.0,0.0,0.0,1.0,4.0,1.0,0.0,2.0,2.0,2.0,2.0,1.0,1.0
557,33,1.0,0.0,0.0,0.0,2.0,0.0,1.0,1.0,0.0,1.0,1.0,1.0,2.0,2.0,0.0,1.0,0.0,0.0,1.0,0.0,0.0
1170,29,1.0,0.0,0.0,0.0,5.0,0.0,1.0,1.0,1.0,0.0,0.0,1.0,2.0,1.0,0.0,1.0,2.0,1.0,2.0,1.0,0.0
121,25,1.0,0.0,0.0,0.0,2.0,1.0,1.0,1.0,0.0,0.0,0.0,1.0,0.0,0.0,0.0,1.0,2.0,0.0,0.0,0.0,0.0
448,24,1.0,0.0,0.0,1.0,2.0,0.0,1.0,2.0,2.0,2.0,0.0,1.0,2.0,0.0,0.0,1.0,2.0,0.0,0.0,0.0,0.0
64,35,1.0,0.0,0.0,2.0,1.0,0.0,1.0,1.0,0.0,0.0,0.0,1.0,1.0,0.0,0.0,1.0,2.0,0.0,1.0,0.0,0.0
451,40,2.0,0.0,1.0,0.0,5.0,0.0,1.0,2.0,2.0,2.0,1.0,2.0,2.0,2.0,1.0,0.0,1.0,0.0,1.0,2.0,0.0
524,36,1.0,1.0,1.0,2.0,0.0,1.0,1.0,1.0,2.0,1.0,0.0,2.0,3.0,1.0,0.0,1.0,2.0,0.0,2.0,2.0,0.0
654,32,1.0,0.0,0.0,0.0,4.0,0.0,0.0,2.0,1.0,2.0,2.0,1.0,0.0,1.0,0.0,0.0,0.0,0.0,0.0,2.0,0.0
988,23,1.0,0.0,1.0,2.0,2.0,0.0,1.0,2.0,1.0,2.0,2.0,2.0,1.0,0.0,0.0,0.0,0.0,0.0,1.0,0.0,0.0
598,43,1.0,0.0,0.0,0.0,4.0,1.0,1.0,1.0,1.0,1.0,1.0,1.0,2.0,0.0,0.0,2.0,2.0,0.0,0.0,2.0,0.0
363,32,1.0,0.0,1.0,1.0,5.0,0.0,0.0,2.0,2.0,2.0,2.0,2.0,2.0,0.0,0.0,1.0,2.0,0.0,2.0,2.0,0.0
690,23,1.0,0.0,0.0,2.0,1.0,0.0,1.0,2.0,0.0,0.0,0.0,1.0,1.0,1.0,1.0,1.0,1.0,0.0,0.0,0.0,0.0
191,28,1.0,0.0,1.0,2.0,2.0,0.0,1.0,2.0,0.0,0.0,0.0,1.0,1.0,1.0,1.0,1.0,0.0,0.0,1.0,1.0,0.0
